keyword,function_name,equipment_category_large,equipment_category_middle,confidence,company_count,source_match_count,equipment_count,hub_count,source_fields,source_examples,equipment_examples,discovery_method,evidence_template
시제품,시제품 관련 장비 검증,기계가공/시험장비,재료물성시험장비,0.920,6,9,6,4,btp_support_history.support_item,기업 #117#117 | btp_support_history.support_item | 고액분리기 고정밀 고강성 여과망 개발을 위한 트라이바 시제품 제작 || 기업 #616#616 | btp_support_history.support_item | 스테인리스강 이형형상 소재 제조를 위한 최적화 냉간가공 인발 금형 설계 및 시제품 제작 || 기업 #1730#1730 | btp_support_history.support_item | 수밀성(Water-tight)이 향상된 경량 해치 커버 시제품 개발 및 사업화 || 기업 #1786#1786 | btp_support_history.support_item | Dynamic Balance 데이터 및 할룩스 매직 인솔을 활용한 운동 APP 시제품 개발 || 기업 #1786#1786 | btp_support_history.support_item | 압전 에너지 하베스팅을 적용한 에코 할룩스 매직 기능성 인솔 시제품 제작,선용품 종합정보관리시스템(시제품 시작품 시험설비 제작)#248 | 데이터처리장비 > 하드웨어 > 서버 @ 영도단지 || 온도가속시험기#323 | 기계가공/시험장비 > 재료물성시험장비 > 열충격시험기 @ 지사단지 || 복합재료 프리폼 제조용 3D 브레이딩 시스템#361 | 기계가공/시험장비 > 섬유기계장비 > 직기 @ 미음단지 || 시제품 설계 소프트웨어#424 | 데이터처리장비 > 장비소프트웨어 > 달리 분류되지 않는 장비소프트웨어 @ 다대단지 || 자외선 경화기#441 | 기계가공/시험장비 > 재료물성시험장비 > 자외선시험기 @ 지사단지,direct-text-overlap,지원품목 데이터 9건에서 '{keyword}'가 반복되고 재료물성시험장비 분류 장비 6건과 맞물려 {functionName}으로 보았습니다
AR,데이터/실감형 콘텐츠 검증,데이터처리장비,,0.910,4,5,29,7,"btp_support_history.main_product, btp_support_history.support_item","기업 #117#117 | btp_support_history.main_product | 고액분리기(SOLID LIQUID SEPARATOR) || 기업 #672#672 | btp_support_history.support_item | Marintec China 2023 || 기업 #1049#1049 | btp_support_history.main_product | VR교육훈련장비, VR콘텐츠, AR/VR 시뮬레이터 || 기업 #1049#1049 | btp_support_history.support_item | 전시장 및 주요 관광지 전망대용 증강현실(AR) 기반 망원경 기술사업화 || 기업 #1730#1730 | btp_support_history.support_item | 영하 52℃ ARC7 ICE등급 및 IMO Polar Code를 만족하는 Mushroom Ventilator 사업화 지원",엔지니어링 협업 시스템#9 | 데이터처리장비 > 하드웨어 > 서버 @ 다대단지 || 주조성형해석프로그램#27 | 데이터처리장비 > 장비소프트웨어 > 계측/분석소프트웨어 @ 지사단지 || 논리설계 검증 소프트웨어#44 | 데이터처리장비 > 장비소프트웨어 > 연구장비기반소프트웨어 @ 지사단지 || 산업안전빅데이터플랫폼#52 | 데이터처리장비 > 하드웨어 > 서버 @ 수안단지 || 5G기반 드론 통합 관제 시스템#88 | 데이터처리장비 > 하드웨어 > 달리 분류되지 않는 하드웨어,profile,{sourceField}에 적힌 '{keyword}'가 4개 기업 이력에서 확인되어 {functionName} 연결 근거가 됩니다
기자재,기자재 관련 장비 검증,환경조성/생산/사육시설장비,환경조성형시설장비,0.790,3,6,1,1,"btp_support_history.main_product, company.main_product, company_ntis_lead_project.project_name","기업 #1049#1049 | company_ntis_lead_project.project_name | 해양수산산업 핵심 기자재 국산화 및 표준화 기술개발 || 기업 #1730#1730 | btp_support_history.main_product | 선박용 기자재 || 기업 #1730#1730 | btp_support_history.main_product | 해치커버, 댐퍼, L.A.V, 압력용기 외 선박용 기자재 || 기업 #1730#1730 | company.main_product | 해치커버, 댐퍼, L.A.V, 압력용기 외 선박용 기자재 || 기업 #2080#2080 | company_ntis_lead_project.project_name | 해양수산산업 핵심 기자재 국산화 및 표준화 기술개발",일상생활 실증평가실#11 | 환경조성/생산/사육시설장비 > 환경조성형시설장비 > 사용환경모사시설장비 @ 다대단지,direct-text-overlap,{sourceField}의 '{keyword}' 단서가 1개 거점 장비와 이어져 {functionName} 검토 대상으로 분류했습니다
압력,압력/유체특성시험,물리적측정장비,힘/토오크/압력/진공측정장비,0.875,3,5,26,5,"btp_support_history.main_product, btp_support_history.support_item, company.main_product","기업 #672#672 | btp_support_history.main_product | 열교환기, 압력용기 || 기업 #672#672 | company.main_product | 열교환기, 압력용기 || 기업 #1730#1730 | btp_support_history.main_product | 해치커버, 댐퍼, L.A.V, 압력용기 외 선박용 기자재 || 기업 #1730#1730 | company.main_product | 해치커버, 댐퍼, L.A.V, 압력용기 외 선박용 기자재 || 기업 #1786#1786 | btp_support_history.support_item | 보행 시 발 아치 능동적 교정 및 신체 압력 중심 이동 궤적 개선을 통한 고령자 맞춤형 발바닥 근육 강화 인솔 개발",필름형 압력 측정 장비#111 | 물리적측정장비 > 힘/토오크/압력/진공측정장비 > 달리 분류되지 않는 힘/토오크/압력/진공 측정장비 @ 다대단지 || 전기차 파워트레인 다이나모 시스템#115 | 물리적측정장비 > 힘/토오크/압력/진공측정장비 > 동력계 @ 생곡단지 || 휴대용 지면반력 측정 장비#131 | 물리적측정장비 > 힘/토오크/압력/진공측정장비 > 달리 분류되지 않는 힘/토오크/압력/진공 측정장비 @ 다대단지 || 샤시다이나모미터#140 | 물리적측정장비 > 힘/토오크/압력/진공측정장비 > 동력계 @ 지사단지 || 맨발 족저압력 및 보행분석 시스템#141 | 물리적측정장비 > 힘/토오크/압력/진공측정장비 > 달리 분류되지 않는 힘/토오크/압력/진공 측정장비 @ 녹산단지,profile,3개 기업과 5개 거점에서 '{keyword}' 연결이 반복되어 {functionName} 근거로 채택했습니다
소재,재료물성시험,기계가공/시험장비,재료물성시험장비,0.795,3,4,61,8,"btp_support_history.main_product, btp_support_history.support_item, company_ntis_lead_project.project_name",기업 #616#616 | btp_support_history.support_item | 스테인리스강 이형형상 소재 제조를 위한 최적화 냉간가공 인발 금형 설계 및 시제품 제작 || 기업 #695#695 | btp_support_history.support_item | 생체소재 || 기업 #695#695 | company_ntis_lead_project.project_name | 소재부품기술개발(R&D) || 기업 #1178#1178 | btp_support_history.main_product | 초정밀소재부품,미세먼지 간이측정기 등가성 평가장비#6 | 기계가공/시험장비 > 재료물성시험장비 > 분진시험기 @ 지사단지 || 비틀림시험기#24 | 기계가공/시험장비 > 재료물성시험장비 > 만능피로시험기 @ 지사단지 || 동적하중 만능재료시험기#26 | 기계가공/시험장비 > 재료물성시험장비 > 진동내구시험장비 @ 지사단지 || 인장시험기#32 | 기계가공/시험장비 > 재료물성시험장비 > 만능시험기 @ 지사단지 || 열충격 시험기#74 | 기계가공/시험장비 > 재료물성시험장비 > 열충격시험기 @ 장안단지,profile,기계가공/시험장비 분류의 연결 장비가 61건 확인되어 '{keyword}'를 {functionName} 판단 단서로 삼았습니다
선박,선박 관련 장비 검증,물리적측정장비,길이/위치/자세측정장비,0.800,2,9,4,2,"btp_support_history.main_product, btp_support_history.support_item, company.main_product","기업 #2080#2080 | btp_support_history.main_product | 선박 내 사고방지 시스템 || 기업 #2080#2080 | btp_support_history.support_item | 선박 HVAC에 적용되는 UV-C 살균장치 || 기업 #2080#2080 | btp_support_history.support_item | 선박 전방위 감시 시스템 시제품 || 기업 #2379#2379 | btp_support_history.main_product | 선박 구성 부분품 || 기업 #2379#2379 | btp_support_history.main_product | 선박 파공방수패드, 원격 탈부착 사다리, 사다리 고정장치, 잔존유 배출장치, 화재 예방 제",고정식 3차원측정기#152 | 물리적측정장비 > 길이/위치/자세측정장비 > 위치/자세측정장비 @ 지사단지 || 이동식 3차원 위치 측정기#155 | 물리적측정장비 > 길이/위치/자세측정장비 > 길이측정장비 @ 지사단지 || 해양지원선 엔지니어링 가상시스템#311 | 기계가공/시험장비 > 자동화/이송 장비 > 위치제어장비 || 복합소재 발연성 및 유독가스 측정장비#374 | 기계가공/시험장비 > 달리 분류되지 않는 기계가공/시험장비 > 소분류 선택 @ 미음단지,direct-text-overlap,{sourceField}에 적힌 '{keyword}'가 2개 기업 이력에서 확인되어 {functionName} 연결 근거가 됩니다
압력용기,압력용기 관련 장비 검증,기계가공/시험장비,자동화/이송 장비,0.740,2,4,2,1,"btp_support_history.main_product, company.main_product","기업 #672#672 | btp_support_history.main_product | 열교환기, 압력용기 || 기업 #672#672 | company.main_product | 열교환기, 압력용기 || 기업 #1730#1730 | btp_support_history.main_product | 해치커버, 댐퍼, L.A.V, 압력용기 외 선박용 기자재 || 기업 #1730#1730 | company.main_product | 해치커버, 댐퍼, L.A.V, 압력용기 외 선박용 기자재",산업용 드론 플랫폼 수중#201 | 기계가공/시험장비 > 자동화/이송 장비 > 달리 분류되지 않는 자동화/이송장비 @ 지사단지 || 산업용 드론 플랫폼 수중#331 | 기계가공/시험장비 > 자동화/이송 장비 > 달리 분류되지 않는 자동화/이송장비 @ 지사단지,direct-text-overlap,{sourceField}의 '{keyword}' 제품 표현이 2개 기업에서 확인되어 {functionName} 근거로 사용했습니다
인건비,인건비 관련 장비 검증,환경조성/생산/사육시설장비,환경조성형시설장비,0.735,2,4,1,1,btp_support_history.support_item,기업 #695#695 | btp_support_history.support_item | 인건비 및 인센티브 지원 || 기업 #695#695 | btp_support_history.support_item | 인건비 지원 || 기업 #1730#1730 | btp_support_history.support_item | 채용인력 인건비 지원,일상생활 실증평가실#11 | 환경조성/생산/사육시설장비 > 환경조성형시설장비 > 사용환경모사시설장비 @ 다대단지,direct-text-overlap,기업 문구와 장비 정보 양쪽에 '{keyword}'가 직접 나타나고 장비 1건이 확인되어 {functionName}으로 연결했습니다
기술개발,기술개발 관련 장비 검증,환경조성/생산/사육시설장비,환경조성형시설장비,0.725,2,3,1,1,company_ntis_lead_project.project_name,기업 #1049#1049 | company_ntis_lead_project.project_name | 해양수산산업 핵심 기자재 국산화 및 표준화 기술개발 || 기업 #2080#2080 | company_ntis_lead_project.project_name | 해양수산산업 핵심 기자재 국산화 및 표준화 기술개발 || 기업 #2080#2080 | company_ntis_lead_project.project_name | 해양수산산업 핵심 기자재 국산화 및 표준화 기술개발(R&D),부산 해양신산업 오픈플랫폼 청정작업실#348 | 환경조성/생산/사육시설장비 > 환경조성형시설장비 > 항온/항습시설장비 @ 영도단지,direct-text-overlap,NTIS 과제와 기업 데이터 3건에서 '{keyword}'가 확인되어 환경조성/생산/사육시설장비 기반 {functionName}과 연결했습니다
표준화,표준화 관련 장비 검증,임상의료장비,전문의학용특수장비,0.725,2,3,1,1,company_ntis_lead_project.project_name,기업 #1049#1049 | company_ntis_lead_project.project_name | 해양수산산업 핵심 기자재 국산화 및 표준화 기술개발 || 기업 #2080#2080 | company_ntis_lead_project.project_name | 해양수산산업 핵심 기자재 국산화 및 표준화 기술개발 || 기업 #2080#2080 | company_ntis_lead_project.project_name | 해양수산산업 핵심 기자재 국산화 및 표준화 기술개발(R&D),균형 측정 평가 장비#160 | 임상의료장비 > 전문의학용특수장비 > 재활치료용검사장비 @ 다대단지,direct-text-overlap,연구개발 과제 문맥에 '{keyword}'가 나타나고 연결 장비 1건이 확인되어 {functionName} 근거로 삼았습니다
핵심,핵심 관련 장비 검증,기계가공/시험장비,반도체장비,0.725,2,3,1,1,company_ntis_lead_project.project_name,기업 #1049#1049 | company_ntis_lead_project.project_name | 해양수산산업 핵심 기자재 국산화 및 표준화 기술개발 || 기업 #2080#2080 | company_ntis_lead_project.project_name | 해양수산산업 핵심 기자재 국산화 및 표준화 기술개발 || 기업 #2080#2080 | company_ntis_lead_project.project_name | 해양수산산업 핵심 기자재 국산화 및 표준화 기술개발(R&D),프로브#63 | 기계가공/시험장비 > 반도체장비 > 프로브스테이션 @ 장전단지,direct-text-overlap,{sourceField}의 '{keyword}' 단서가 1개 거점 장비와 이어져 {functionName} 검토 대상으로 분류했습니다
가스,성분/분석시험,화합물전처리/분석장비,,0.810,2,2,36,5,btp_support_history.support_item,기업 #616#616 | btp_support_history.support_item | 전시회 참가(서울국제가스&수소산업전) || 기업 #1178#1178 | btp_support_history.support_item | 수소가스 생산설비용 자동제어 버터플라이 밸브,20리터회전식감압농축기#2 | 화합물전처리/분석장비 > 분리정제장비 > 증류/농축기 @ 일광단지 || 미세먼지 간이측정기 반복재현성 평가 장비#5 | 화합물전처리/분석장비 > 입자분석장비 > 입도분석기 @ 지사단지 || 스파크발광분석기#12 | 화합물전처리/분석장비 > 분광분석장비 > 스파크/아크원자방출분광기 @ 지사단지 || 분광광도계#40 | 화합물전처리/분석장비 > 분광분석장비 > 자외/가시광분광광도계 @ 일광단지 || 필터프레스(800*800)#59 | 화합물전처리/분석장비 > 분리정제장비 > 여과기 @ 일광단지,profile,화합물전처리/분석장비 분류의 연결 장비가 36건 확인되어 '{keyword}'를 {functionName} 판단 단서로 삼았습니다
분석,성분/분석시험,화합물전처리/분석장비,,0.810,2,2,36,5,btp_support_history.support_item,"기업 #117#117 | btp_support_history.support_item | 베트남Entech, 마케팅조사분석 || 기업 #616#616 | btp_support_history.support_item | 베트남Entech, 마케팅조사분석",20리터회전식감압농축기#2 | 화합물전처리/분석장비 > 분리정제장비 > 증류/농축기 @ 일광단지 || 미세먼지 간이측정기 반복재현성 평가 장비#5 | 화합물전처리/분석장비 > 입자분석장비 > 입도분석기 @ 지사단지 || 스파크발광분석기#12 | 화합물전처리/분석장비 > 분광분석장비 > 스파크/아크원자방출분광기 @ 지사단지 || 분광광도계#40 | 화합물전처리/분석장비 > 분광분석장비 > 자외/가시광분광광도계 @ 일광단지 || 필터프레스(800*800)#59 | 화합물전처리/분석장비 > 분리정제장비 > 여과기 @ 일광단지,profile,지원품목 데이터 2건에서 '{keyword}'가 반복되고 세부 장비군 분류 장비 36건과 맞물려 {functionName}으로 보았습니다
의료기기,의료기기 사용성/성능평가,임상의료장비,,0.810,2,2,24,3,btp_support_history.main_product,"기업 #695#695 | btp_support_history.main_product | 완제 의약품 제조업, 치과용기기, 정형외과용기기, 의료용기, 의료용구, 의료용재료, 의료기기 || 기업 #1786#1786 | btp_support_history.main_product | 의료기기",의료기기 사용적합성 평가실#15 | 임상의료장비 > 임상진단영상장비 > 달리 분류되지 않는 임상진단영상장비 @ 다대단지 || 휴대용 운동생리학적 신발 칼로리분석 시스템#25 | 임상의료장비 > 임상측정/진단장비 > 호흡기측정/진단장비 @ 녹산단지 || 인지 자극 측정 시스템#64 | 임상의료장비 > 임상측정/진단장비 > 달리 분류되지 않는 임상측정/진단장비 @ 엄궁단지 || 듀얼 시선 추적장비#73 | 임상의료장비 > 임상측정/진단장비 > 달리 분류되지 않는 임상측정/진단장비 @ 엄궁단지 || 이동형 모니터링 분석 시스템#97 | 임상의료장비 > 전문의학용특수장비 > 달리 분류되지 않는 전문의학용특수장비,profile,기업 제품군의 '{keyword}' 특성이 임상의료장비 분류와 맞아 {functionName} 후보로 잡았습니다
저온,환경시험,기계가공/시험장비,열유체장비,0.785,2,2,15,7,"btp_support_history.main_product, btp_support_history.support_item",기업 #672#672 | btp_support_history.main_product | 저온고압에너지저장공급시스템 || 기업 #1178#1178 | btp_support_history.support_item | 초저온(LNG)용 고차압 제어밸브 시제춤 제작65,항온항습시험기#50 | 기계가공/시험장비 > 열유체장비 > 항온/항습기 @ 지사단지 || 항온항습 시험장비#53 | 기계가공/시험장비 > 열유체장비 > 항온/항습기 @ 생곡단지 || 전열교환기 인증 시험실#57 | 기계가공/시험장비 > 열유체장비 > 열교환기 @ 지사단지 || 환기용 공기청정기 성능평가 시스템#72 | 기계가공/시험장비 > 열유체장비 > 유체정화기 @ 지사단지 || 증기 가압 시험기#89 | 기계가공/시험장비 > 열유체장비 > 압력장비 @ 장전단지,profile,지원 이력의 '{keyword}' 항목이 7개 BTP 거점 장비와 연결되어 {functionName} 수요로 해석했습니다
설계,설계 관련 장비 검증,데이터처리장비,장비소프트웨어,0.750,2,2,8,5,btp_support_history.support_item,기업 #616#616 | btp_support_history.support_item | 스테인리스강 이형형상 소재 제조를 위한 최적화 냉간가공 인발 금형 설계 및 시제품 제작 || 기업 #1878#1878 | btp_support_history.support_item | 근로자 안전을 위한 시스템 서포트 붕괴 위험 진단 센싱 환경 설계 및 실증,사출성형해석프로그램#94 | 데이터처리장비 > 장비소프트웨어 > 계측/분석소프트웨어 @ 지사단지 || AI 데이터 처리시스템 구축#146 | 데이터처리장비 > 하드웨어 > 달리 분류되지 않는 하드웨어 || 해양플랜트 동적위치제어(DP3) 엔지니어링 가상시스템#263 | 기계가공/시험장비 > 자동화/이송 장비 > 위치제어장비 || 복합재료 프리폼 제조용 3D 브레이딩 시스템#361 | 기계가공/시험장비 > 섬유기계장비 > 직기 @ 미음단지 || 시뮬레이터#377 | 데이터처리장비 > 장비소프트웨어 > 연구장비기반소프트웨어 @ 장안단지,direct-text-overlap,기업 문구와 장비 정보 양쪽에 '{keyword}'가 직접 나타나고 장비 8건이 확인되어 {functionName}으로 연결했습니다
추가,추가 관련 장비 검증,기계가공/시험장비,자동화/이송 장비,0.735,2,2,5,3,btp_support_history.support_item,기업 #1178#1178 | btp_support_history.support_item | 스마트공장 구축비 시비 추가 지원 || 기업 #2080#2080 | btp_support_history.support_item | 스마트공장 구축비 시비 추가 지원,고저온만능시험기#150 | 기계가공/시험장비 > 재료물성시험장비 > 진동내구시험장비 @ 지사단지 || 420kW 모터 다이나모 시스템#169 | 물리적측정장비 > 힘/토오크/압력/진공측정장비 > 동력계 @ 생곡단지 || 산업용 드론 플랫폼 수중#201 | 기계가공/시험장비 > 자동화/이송 장비 > 달리 분류되지 않는 자동화/이송장비 @ 지사단지 || 산업용 드론 플랫폼 수중#331 | 기계가공/시험장비 > 자동화/이송 장비 > 달리 분류되지 않는 자동화/이송장비 @ 지사단지 || 인체 근골격 시뮬레이션 측정시스템#438 | 데이터처리장비 > 장비소프트웨어 > 데이터처리장비기반소프트웨어 @ 녹산단지,direct-text-overlap,지원품목 데이터 2건에서 '{keyword}'가 반복되고 자동화/이송 장비 분류 장비 5건과 맞물려 {functionName}으로 보았습니다
일반,일반 관련 장비 검증,물리적측정장비,힘/토오크/압력/진공측정장비,0.720,2,2,2,2,company_ntis_lead_project.project_name,"기업 #616#616 | company_ntis_lead_project.project_name | 창업성장기술개발(일반,R&D) || 기업 #672#672 | company_ntis_lead_project.project_name | 중소기업기술혁신개발(일반,R&D)",전기차 파워트레인 다이나모 시스템#115 | 물리적측정장비 > 힘/토오크/압력/진공측정장비 > 동력계 @ 생곡단지 || 정립형광현미경#216 | 광학/전자영상장비 > 현미경 > 광학현미경 @ 장림단지,direct-text-overlap,연구개발 과제 문맥에 '{keyword}'가 나타나고 연결 장비 2건이 확인되어 {functionName} 근거로 삼았습니다
최적화,최적화 관련 장비 검증,데이터처리장비,장비소프트웨어,0.720,2,2,2,2,btp_support_history.support_item,기업 #616#616 | btp_support_history.support_item | 스테인리스강 이형형상 소재 제조를 위한 최적화 냉간가공 인발 금형 설계 및 시제품 제작 || 기업 #2379#2379 | btp_support_history.support_item | 식생 걸림 최소화 구조의 고출력 무인선박 개발을 위한 최적화 구조 및 적층 방안 전문가 자문,사출성형해석프로그램#94 | 데이터처리장비 > 장비소프트웨어 > 계측/분석소프트웨어 @ 지사단지 || 시뮬레이터#377 | 데이터처리장비 > 장비소프트웨어 > 연구장비기반소프트웨어 @ 장안단지,direct-text-overlap,지원 이력의 '{keyword}' 항목이 2개 BTP 거점 장비와 연결되어 {functionName} 수요로 해석했습니다
의료기기,의료기기 관련 장비 검증,임상의료장비,임상진단영상장비,0.715,2,2,1,1,btp_support_history.main_product,"기업 #695#695 | btp_support_history.main_product | 완제 의약품 제조업, 치과용기기, 정형외과용기기, 의료용기, 의료용구, 의료용재료, 의료기기 || 기업 #1786#1786 | btp_support_history.main_product | 의료기기",의료기기 사용적합성 평가실#15 | 임상의료장비 > 임상진단영상장비 > 달리 분류되지 않는 임상진단영상장비 @ 다대단지,direct-text-overlap,기업 문구와 장비 정보 양쪽에 '{keyword}'가 직접 나타나고 장비 1건이 확인되어 {functionName}으로 연결했습니다
활용한,활용한 관련 장비 검증,데이터처리장비,하드웨어,0.715,2,2,1,0,btp_support_history.support_item,기업 #1786#1786 | btp_support_history.support_item | Dynamic Balance 데이터 및 할룩스 매직 인솔을 활용한 운동 APP 시제품 개발 || 기업 #2379#2379 | btp_support_history.support_item | 스마트 밴드를 활용한 ICT 융복합 선박 승선원 안전관리시스템 기술,5G기반 드론 통합 관제 시스템#88 | 데이터처리장비 > 하드웨어 > 달리 분류되지 않는 하드웨어,direct-text-overlap,지원품목 데이터 2건에서 '{keyword}'가 반복되고 하드웨어 분류 장비 1건과 맞물려 {functionName}으로 보았습니다
인솔,의료기기 사용성/성능평가,임상의료장비,,0.775,1,9,24,3,"btp_support_history.main_product, btp_support_history.support_item","기업 #1786#1786 | btp_support_history.main_product | 기능성 인솔 || 기업 #1786#1786 | btp_support_history.main_product | 기능성 인솔(깔창) || 기업 #1786#1786 | btp_support_history.main_product | 기능성 인솔, 균형능력 측정장비 || 기업 #1786#1786 | btp_support_history.main_product | 할룩스 매직 인솔 || 기업 #1786#1786 | btp_support_history.main_product | 할룩스매직인솔",의료기기 사용적합성 평가실#15 | 임상의료장비 > 임상진단영상장비 > 달리 분류되지 않는 임상진단영상장비 @ 다대단지 || 휴대용 운동생리학적 신발 칼로리분석 시스템#25 | 임상의료장비 > 임상측정/진단장비 > 호흡기측정/진단장비 @ 녹산단지 || 인지 자극 측정 시스템#64 | 임상의료장비 > 임상측정/진단장비 > 달리 분류되지 않는 임상측정/진단장비 @ 엄궁단지 || 듀얼 시선 추적장비#73 | 임상의료장비 > 임상측정/진단장비 > 달리 분류되지 않는 임상측정/진단장비 @ 엄궁단지 || 이동형 모니터링 분석 시스템#97 | 임상의료장비 > 전문의학용특수장비 > 달리 분류되지 않는 전문의학용특수장비,profile,{sourceField}에 적힌 '{keyword}'가 1개 기업 이력에서 확인되어 {functionName} 연결 근거가 됩니다
밸브,압력/유체특성시험,물리적측정장비,힘/토오크/압력/진공측정장비,0.755,1,7,26,5,"btp_support_history.main_product, btp_support_history.support_item, company.main_product","기업 #1178#1178 | btp_support_history.main_product | 버터플라이 밸브 || 기업 #1178#1178 | btp_support_history.main_product | 버터플라이 밸브, 듀얼체크밸브, 체크밸브, 수문밸브 || 기업 #1178#1178 | btp_support_history.main_product | 버터플라이밸브, 체크밸브 || 기업 #1178#1178 | btp_support_history.support_item | 메탄올 연료장치 시스템용 메탄올 밸브 제작 || 기업 #1178#1178 | btp_support_history.support_item | 수소가스 생산설비용 자동제어 버터플라이 밸브",필름형 압력 측정 장비#111 | 물리적측정장비 > 힘/토오크/압력/진공측정장비 > 달리 분류되지 않는 힘/토오크/압력/진공 측정장비 @ 다대단지 || 전기차 파워트레인 다이나모 시스템#115 | 물리적측정장비 > 힘/토오크/압력/진공측정장비 > 동력계 @ 생곡단지 || 휴대용 지면반력 측정 장비#131 | 물리적측정장비 > 힘/토오크/압력/진공측정장비 > 달리 분류되지 않는 힘/토오크/압력/진공 측정장비 @ 다대단지 || 샤시다이나모미터#140 | 물리적측정장비 > 힘/토오크/압력/진공측정장비 > 동력계 @ 지사단지 || 맨발 족저압력 및 보행분석 시스템#141 | 물리적측정장비 > 힘/토오크/압력/진공측정장비 > 달리 분류되지 않는 힘/토오크/압력/진공 측정장비 @ 녹산단지,profile,지원 이력의 '{keyword}' 항목이 5개 BTP 거점 장비와 연결되어 {functionName} 수요로 해석했습니다
기능성,기능성 관련 장비 검증,물리적측정장비,힘/토오크/압력/진공측정장비,0.760,1,7,7,2,"btp_support_history.main_product, btp_support_history.support_item","기업 #1786#1786 | btp_support_history.main_product | 기능성 깔창 || 기업 #1786#1786 | btp_support_history.main_product | 기능성 깔창, 균형 능력 측정 장비 || 기업 #1786#1786 | btp_support_history.main_product | 기능성 인솔 || 기업 #1786#1786 | btp_support_history.main_product | 기능성 인솔(깔창) || 기업 #1786#1786 | btp_support_history.main_product | 기능성 인솔, 균형능력 측정장비",의료기기 사용적합성 평가실#15 | 임상의료장비 > 임상진단영상장비 > 달리 분류되지 않는 임상진단영상장비 @ 다대단지 || 주로형 지면반발력 측정용 시스템#282 | 임상의료장비 > 전문의학용특수장비 > 달리 분류되지 않는 전문의학용특수장비 @ 녹산단지 || 운동부하측정용 지면반력측정 시스템#433 | 물리적측정장비 > 힘/토오크/압력/진공측정장비 > 달리 분류되지 않는 힘/토오크/압력/진공 측정장비 @ 녹산단지 || 최대 견인력측정 시스템#434 | 물리적측정장비 > 힘/토오크/압력/진공측정장비 > 달리 분류되지 않는 힘/토오크/압력/진공 측정장비 @ 녹산단지 || 미끄럼 경사로 시스템#435 | 물리적측정장비 > 길이/위치/자세측정장비 > 달리 분류되지 않는 길이/위치/자세측정장비 @ 녹산단지,direct-text-overlap,기업 문구와 장비 정보 양쪽에 '{keyword}'가 직접 나타나고 장비 7건이 확인되어 {functionName}으로 연결했습니다
인솔,인솔 관련 장비 검증,물리적측정장비,힘/토오크/압력/진공측정장비,0.750,1,7,5,1,"btp_support_history.main_product, btp_support_history.support_item","기업 #1786#1786 | btp_support_history.main_product | 기능성 인솔 || 기업 #1786#1786 | btp_support_history.main_product | 기능성 인솔(깔창) || 기업 #1786#1786 | btp_support_history.main_product | 기능성 인솔, 균형능력 측정장비 || 기업 #1786#1786 | btp_support_history.main_product | 할룩스 매직 인솔 || 기업 #1786#1786 | btp_support_history.support_item | 기능성 인솔",맨발 족저압력 및 보행분석 시스템#141 | 물리적측정장비 > 힘/토오크/압력/진공측정장비 > 달리 분류되지 않는 힘/토오크/압력/진공 측정장비 @ 녹산단지 || 인솔타입 족저압력 측정 시스템#200 | 물리적측정장비 > 힘/토오크/압력/진공측정장비 > 중력/압력/진공측정장비 @ 녹산단지 || 맨발 족저압력 및 보행분석 시스템#232 | 물리적측정장비 > 힘/토오크/압력/진공측정장비 > 달리 분류되지 않는 힘/토오크/압력/진공 측정장비 @ 녹산단지 || 맞춤인솔분석기#428 | 기계가공/시험장비 > 성형/가공 장비 > 달리 분류되지 않는 성형/가공장비 @ 녹산단지 || 무선지면반력 측정 인솔#437 | 물리적측정장비 > 힘/토오크/압력/진공측정장비 > 달리 분류되지 않는 힘/토오크/압력/진공 측정장비 @ 녹산단지,direct-text-overlap,지원품목 데이터 7건에서 '{keyword}'가 반복되고 힘/토오크/압력/진공측정장비 분류 장비 5건과 맞물려 {functionName}으로 보았습니다
측정,정밀 관찰/영상분석,광학/전자영상장비,,0.805,1,5,48,11,btp_support_history.main_product,"기업 #1786#1786 | btp_support_history.main_product | 건강지표측정장비, 기타신발 || 기업 #1786#1786 | btp_support_history.main_product | 건강지표측정장비제작 || 기업 #1786#1786 | btp_support_history.main_product | 기능성 깔창, 균형 능력 측정 장비 || 기업 #1786#1786 | btp_support_history.main_product | 기능성 인솔, 균형능력 측정장비 || 기업 #1786#1786 | btp_support_history.main_product | 기능성깔창, 균형능력측정",광학현미경#4 | 광학/전자영상장비 > 현미경 > 광학현미경 @ 장림단지 || 공초점현미경#18 | 광학/전자영상장비 > 현미경 > 공초점현미경 @ 장림단지 || 적외선열화상카메라#20 | 광학/전자영상장비 > 카메라/영상처리장비 > 열화상카메라 || 현미경#28 | 광학/전자영상장비 > 현미경 > 디지털현미경 @ 장전단지 || 동영상 3차원 계측 및 동작분석 하이스피드카메라#36 | 광학/전자영상장비 > 카메라/영상처리장비 > 기타특수카메라 @ 녹산단지,profile,기업 제품군의 '{keyword}' 특성이 광학/전자영상장비 분류와 맞아 {functionName} 후보로 잡았습니다
깔창,의료기기 사용성/성능평가,임상의료장비,,0.725,1,4,24,3,btp_support_history.main_product,"기업 #1786#1786 | btp_support_history.main_product | 기능성 깔창 || 기업 #1786#1786 | btp_support_history.main_product | 기능성 깔창, 균형 능력 측정 장비 || 기업 #1786#1786 | btp_support_history.main_product | 기능성 인솔(깔창) || 기업 #1786#1786 | btp_support_history.main_product | 기능성깔창, 균형능력측정",의료기기 사용적합성 평가실#15 | 임상의료장비 > 임상진단영상장비 > 달리 분류되지 않는 임상진단영상장비 @ 다대단지 || 휴대용 운동생리학적 신발 칼로리분석 시스템#25 | 임상의료장비 > 임상측정/진단장비 > 호흡기측정/진단장비 @ 녹산단지 || 인지 자극 측정 시스템#64 | 임상의료장비 > 임상측정/진단장비 > 달리 분류되지 않는 임상측정/진단장비 @ 엄궁단지 || 듀얼 시선 추적장비#73 | 임상의료장비 > 임상측정/진단장비 > 달리 분류되지 않는 임상측정/진단장비 @ 엄궁단지 || 이동형 모니터링 분석 시스템#97 | 임상의료장비 > 전문의학용특수장비 > 달리 분류되지 않는 전문의학용특수장비,profile,{sourceField}의 '{keyword}' 제품 표현이 1개 기업에서 확인되어 {functionName} 근거로 사용했습니다
치과,의료기기 사용성/성능평가,임상의료장비,,0.725,1,4,24,3,btp_support_history.main_product,"기업 #695#695 | btp_support_history.main_product | 완제 의약품 제조업, 치과용기기, 정형외과용기기, 의료용기, 의료용구, 의료용재료, 의료기기 || 기업 #695#695 | btp_support_history.main_product | 치과용 기기 || 기업 #695#695 | btp_support_history.main_product | 치과용 기기",의료기기 사용적합성 평가실#15 | 임상의료장비 > 임상진단영상장비 > 달리 분류되지 않는 임상진단영상장비 @ 다대단지 || 휴대용 운동생리학적 신발 칼로리분석 시스템#25 | 임상의료장비 > 임상측정/진단장비 > 호흡기측정/진단장비 @ 녹산단지 || 인지 자극 측정 시스템#64 | 임상의료장비 > 임상측정/진단장비 > 달리 분류되지 않는 임상측정/진단장비 @ 엄궁단지 || 듀얼 시선 추적장비#73 | 임상의료장비 > 임상측정/진단장비 > 달리 분류되지 않는 임상측정/진단장비 @ 엄궁단지 || 이동형 모니터링 분석 시스템#97 | 임상의료장비 > 전문의학용특수장비 > 달리 분류되지 않는 전문의학용특수장비,profile,임상의료장비 분류의 연결 장비가 24건 확인되어 '{keyword}'를 {functionName} 판단 단서로 삼았습니다
밸브,밸브 관련 장비 검증,화합물전처리/분석장비,입자분석장비,0.705,1,4,2,1,"btp_support_history.main_product, btp_support_history.support_item","기업 #1178#1178 | btp_support_history.main_product | 버터플라이 밸브 || 기업 #1178#1178 | btp_support_history.main_product | 버터플라이 밸브, 듀얼체크밸브, 체크밸브, 수문밸브 || 기업 #1178#1178 | btp_support_history.support_item | 메탄올 연료장치 시스템용 메탄올 밸브 제작 || 기업 #1178#1178 | btp_support_history.support_item | 수소가스 생산설비용 자동제어 버터플라이 밸브",미세먼지 마스크 성능평가 시험 시스템#336 | 화합물전처리/분석장비 > 입자분석장비 > 달리 분류되지 않는 입자분석장비 @ 지사단지 || 가스 밸브 유동 시험장비#379 | 물리적측정장비 > 유체특성측정장비 > 유량계/수량계 @ 지사단지,direct-text-overlap,지원품목 데이터 4건에서 '{keyword}'가 반복되고 입자분석장비 분류 장비 2건과 맞물려 {functionName}으로 보았습니다
골이식재,의료기기 사용성/성능평가,임상의료장비,,0.715,1,3,24,3,"btp_support_history.main_product, company.main_product","기업 #695#695 | btp_support_history.main_product | 골이식재 || 기업 #695#695 | btp_support_history.main_product | 골이식재, 멤브레인 || 기업 #695#695 | company.main_product | 골이식재_덴탈",의료기기 사용적합성 평가실#15 | 임상의료장비 > 임상진단영상장비 > 달리 분류되지 않는 임상진단영상장비 @ 다대단지 || 휴대용 운동생리학적 신발 칼로리분석 시스템#25 | 임상의료장비 > 임상측정/진단장비 > 호흡기측정/진단장비 @ 녹산단지 || 인지 자극 측정 시스템#64 | 임상의료장비 > 임상측정/진단장비 > 달리 분류되지 않는 임상측정/진단장비 @ 엄궁단지 || 듀얼 시선 추적장비#73 | 임상의료장비 > 임상측정/진단장비 > 달리 분류되지 않는 임상측정/진단장비 @ 엄궁단지 || 이동형 모니터링 분석 시스템#97 | 임상의료장비 > 전문의학용특수장비 > 달리 분류되지 않는 전문의학용특수장비,profile,기업 제품군의 '{keyword}' 특성이 임상의료장비 분류와 맞아 {functionName} 후보로 잡았습니다
신발,의료기기 사용성/성능평가,임상의료장비,,0.785,1,3,24,3,btp_support_history.main_product,"기업 #1786#1786 | btp_support_history.main_product | 건강지표측정장비, 기타신발 || 기업 #1786#1786 | btp_support_history.main_product | 신발 부분품 || 기업 #1786#1786 | btp_support_history.main_product | 신발 부분품 제조업",의료기기 사용적합성 평가실#15 | 임상의료장비 > 임상진단영상장비 > 달리 분류되지 않는 임상진단영상장비 @ 다대단지 || 휴대용 운동생리학적 신발 칼로리분석 시스템#25 | 임상의료장비 > 임상측정/진단장비 > 호흡기측정/진단장비 @ 녹산단지 || 인지 자극 측정 시스템#64 | 임상의료장비 > 임상측정/진단장비 > 달리 분류되지 않는 임상측정/진단장비 @ 엄궁단지 || 듀얼 시선 추적장비#73 | 임상의료장비 > 임상측정/진단장비 > 달리 분류되지 않는 임상측정/진단장비 @ 엄궁단지 || 이동형 모니터링 분석 시스템#97 | 임상의료장비 > 전문의학용특수장비 > 달리 분류되지 않는 전문의학용특수장비,profile,{sourceField}의 '{keyword}' 제품 표현이 1개 기업에서 확인되어 {functionName} 근거로 사용했습니다
헬스케어,의료기기 사용성/성능평가,임상의료장비,,0.715,1,3,24,3,"btp_support_history.main_product, btp_support_history.support_item",기업 #1786#1786 | btp_support_history.main_product | 스마트헬스케어 장비 || 기업 #1786#1786 | btp_support_history.support_item | 헬스케어,의료기기 사용적합성 평가실#15 | 임상의료장비 > 임상진단영상장비 > 달리 분류되지 않는 임상진단영상장비 @ 다대단지 || 휴대용 운동생리학적 신발 칼로리분석 시스템#25 | 임상의료장비 > 임상측정/진단장비 > 호흡기측정/진단장비 @ 녹산단지 || 인지 자극 측정 시스템#64 | 임상의료장비 > 임상측정/진단장비 > 달리 분류되지 않는 임상측정/진단장비 @ 엄궁단지 || 듀얼 시선 추적장비#73 | 임상의료장비 > 임상측정/진단장비 > 달리 분류되지 않는 임상측정/진단장비 @ 엄궁단지 || 이동형 모니터링 분석 시스템#97 | 임상의료장비 > 전문의학용특수장비 > 달리 분류되지 않는 전문의학용특수장비,profile,임상의료장비 분류의 연결 장비가 24건 확인되어 '{keyword}'를 {functionName} 판단 단서로 삼았습니다
방수,환경시험,기계가공/시험장비,열유체장비,0.690,1,3,15,7,"btp_support_history.main_product, btp_support_history.support_item","기업 #2379#2379 | btp_support_history.main_product | 선박 파공방수패드, 원격 탈부착 사다리, 사다리 고정장치, 잔존유 배출장치, 화재 예방 제 || 기업 #2379#2379 | btp_support_history.support_item | WPP(파공방수패드) 품질 개선 || 기업 #2379#2379 | btp_support_history.support_item | 파공 방수패드 장비의 성능 개선 및 제작",항온항습시험기#50 | 기계가공/시험장비 > 열유체장비 > 항온/항습기 @ 지사단지 || 항온항습 시험장비#53 | 기계가공/시험장비 > 열유체장비 > 항온/항습기 @ 생곡단지 || 전열교환기 인증 시험실#57 | 기계가공/시험장비 > 열유체장비 > 열교환기 @ 지사단지 || 환기용 공기청정기 성능평가 시스템#72 | 기계가공/시험장비 > 열유체장비 > 유체정화기 @ 지사단지 || 증기 가압 시험기#89 | 기계가공/시험장비 > 열유체장비 > 압력장비 @ 장전단지,profile,지원품목 데이터 3건에서 '{keyword}'가 반복되고 열유체장비 분류 장비 15건과 맞물려 {functionName}으로 보았습니다
기기,기기 관련 장비 검증,기계가공/시험장비,재료물성시험장비,0.700,1,3,3,3,btp_support_history.main_product,기업 #695#695 | btp_support_history.main_product | 치과용 기기 || 기업 #695#695 | btp_support_history.main_product | 치과용 기기,물성 측정기#105 | 기계가공/시험장비 > 재료물성시험장비 > 물성분석기 @ 장림단지 || 룸코너 테스터#127 | 기계가공/시험장비 > 재료물성시험장비 > 특성평가시스템 @ 미음단지 || 다축 모터 하중인가 시험기#226 | 기계가공/시험장비 > 재료물성시험장비 > 만능시험기 @ 다대단지,direct-text-overlap,기업 제품군의 '{keyword}' 특성이 기계가공/시험장비 분류와 맞아 {functionName} 후보로 잡았습니다
열교환기,열교환기 관련 장비 검증,기계가공/시험장비,열유체장비,0.700,1,3,3,1,"btp_support_history.main_product, company.main_product","기업 #672#672 | btp_support_history.main_product | 열교환기 || 기업 #672#672 | btp_support_history.main_product | 열교환기, 압력용기 || 기업 #672#672 | company.main_product | 열교환기, 압력용기","가습기, 제습기,히터, Heat Pump 평가설비#30 | 기계가공/시험장비 > 열유체장비 > 열교환기 @ 지사단지 || 전열교환기 인증 시험실#57 | 기계가공/시험장비 > 열유체장비 > 열교환기 @ 지사단지 || 하이드롤리시스 해중합 나일론 섬유 실증 테스트베드#467 | 화합물전처리/분석장비 > 반응/혼합/분쇄장비 > 반응장비 @ 지사단지",direct-text-overlap,{sourceField}의 '{keyword}' 제품 표현이 1개 기업에서 확인되어 {functionName} 근거로 사용했습니다
CCTV,정밀 관찰/영상분석,광학/전자영상장비,,0.705,1,2,48,11,btp_support_history.main_product,"기업 #2080#2080 | btp_support_history.main_product | WSSCCTVLESS || 기업 #2080#2080 | btp_support_history.main_product | 선박용cctv, 소화장치",광학현미경#4 | 광학/전자영상장비 > 현미경 > 광학현미경 @ 장림단지 || 공초점현미경#18 | 광학/전자영상장비 > 현미경 > 공초점현미경 @ 장림단지 || 적외선열화상카메라#20 | 광학/전자영상장비 > 카메라/영상처리장비 > 열화상카메라 || 현미경#28 | 광학/전자영상장비 > 현미경 > 디지털현미경 @ 장전단지 || 동영상 3차원 계측 및 동작분석 하이스피드카메라#36 | 광학/전자영상장비 > 카메라/영상처리장비 > 기타특수카메라 @ 녹산단지,profile,광학/전자영상장비 분류의 연결 장비가 48건 확인되어 '{keyword}'를 {functionName} 판단 단서로 삼았습니다
관제,데이터/실감형 콘텐츠 검증,데이터처리장비,,0.775,1,2,29,7,"btp_support_history.main_product, company.main_product",기업 #1049#1049 | btp_support_history.main_product | 관제장비 및 주변장치 || 기업 #1049#1049 | company.main_product | 관제장비 및 주변장치/소프트웨어개발 및 유지보수,엔지니어링 협업 시스템#9 | 데이터처리장비 > 하드웨어 > 서버 @ 다대단지 || 주조성형해석프로그램#27 | 데이터처리장비 > 장비소프트웨어 > 계측/분석소프트웨어 @ 지사단지 || 논리설계 검증 소프트웨어#44 | 데이터처리장비 > 장비소프트웨어 > 연구장비기반소프트웨어 @ 지사단지 || 산업안전빅데이터플랫폼#52 | 데이터처리장비 > 하드웨어 > 서버 @ 수안단지 || 5G기반 드론 통합 관제 시스템#88 | 데이터처리장비 > 하드웨어 > 달리 분류되지 않는 하드웨어,profile,주요제품 데이터에서 '{keyword}'가 확인되고 관련 장비 29건이 있어 {functionName}과 매칭했습니다
신발,신발 관련 장비 검증,물리적측정장비,힘/토오크/압력/진공측정장비,0.770,1,2,19,3,btp_support_history.main_product,기업 #1786#1786 | btp_support_history.main_product | 신발 부분품 || 기업 #1786#1786 | btp_support_history.main_product | 신발 부분품 제조업,휴대용 운동생리학적 신발 칼로리분석 시스템#25 | 임상의료장비 > 임상측정/진단장비 > 호흡기측정/진단장비 @ 녹산단지 || 신발 내외부 열화상분석 카메라 시스템#143 | 광학/전자영상장비 > 카메라/영상처리장비 > 열화상카메라 @ 녹산단지 || 통합형 기능향상 신발 성능평가 테스트베드#149 | 환경조성/생산/사육시설장비 > 환경조성형시설장비 > 사용환경모사시설장비 @ 녹산단지 || 휴대용 운동생리학적 신발 칼로리분석 시스템#241 | 임상의료장비 > 임상측정/진단장비 > 호흡기측정/진단장비 @ 녹산단지 || 주로형 지면반발력 측정용 시스템#282 | 임상의료장비 > 전문의학용특수장비 > 달리 분류되지 않는 전문의학용특수장비 @ 녹산단지,direct-text-overlap,{sourceField}의 '{keyword}' 제품 표현이 1개 기업에서 확인되어 {functionName} 근거로 사용했습니다
원격,원격 관련 장비 검증,기계가공/시험장비,자동화/이송 장비,0.715,1,2,8,2,"btp_support_history.main_product, btp_support_history.support_item","기업 #2379#2379 | btp_support_history.main_product | 선박 파공방수패드, 원격 탈부착 사다리, 사다리 고정장치, 잔존유 배출장치, 화재 예방 제 || 기업 #2379#2379 | btp_support_history.support_item | 원격 조종이 가능한 선박 승하선 사다리",산업용 드론 플랫폼_회전익_소형#3 | 기계가공/시험장비 > 자동화/이송 장비 > 로봇 @ 지사단지 || 산업용 드론 플랫폼 회전익 중형#69 | 기계가공/시험장비 > 자동화/이송 장비 > 비행장비 @ 지사단지 || 산업용 드론 플랫폼 회전익 중형#166 | 기계가공/시험장비 > 자동화/이송 장비 > 비행장비 @ 지사단지 || 자동차용 실내 에어필터(cabin)의 가스오염물질 여과 성능평가 시스템#193 | 화합물전처리/분석장비 > 분리분석장비 > 가스크로마토그래피 @ 지사단지 || 인솔타입 족저압력 측정 시스템#200 | 물리적측정장비 > 힘/토오크/압력/진공측정장비 > 중력/압력/진공측정장비 @ 녹산단지,direct-text-overlap,지원 이력의 '{keyword}' 항목이 2개 BTP 거점 장비와 연결되어 {functionName} 수요로 해석했습니다
Valve,Valve 관련 장비 검증,화합물전처리/분석장비,분리정제장비,0.700,1,2,5,4,btp_support_history.main_product,기업 #1178#1178 | btp_support_history.main_product | Butterfly Valve Check Valve Sluice Valve || 기업 #1178#1178 | btp_support_history.main_product | Butterfly Valve Check Valve Sluice Valve,20리터회전식감압농축기#2 | 화합물전처리/분석장비 > 분리정제장비 > 증류/농축기 @ 일광단지 || 혼합 시스템#96 | 기계가공/시험장비 > 열유체장비 > 건조기 @ 일광단지 || 후면스퍼트#180 | 기계가공/시험장비 > 반도체장비 > 스퍼터 @ 장전단지 || 복합섬유 방염성 시험기#272 | 기계가공/시험장비 > 재료물성시험장비 > 달리 분류되지 않는 재료물성시험장비 @ 미음단지 || 가스센서평가시스템#305 | 전기/전자장비 > 측정시험장비 > 달리 분류되지 않는 측정시험장비 @ 수안단지,direct-text-overlap,기업 문구와 장비 정보 양쪽에 '{keyword}'가 직접 나타나고 장비 5건이 확인되어 {functionName}으로 연결했습니다
의약품,의약품 관련 장비 검증,기계가공/시험장비,열유체장비,0.690,1,2,3,1,btp_support_history.main_product,"기업 #695#695 | btp_support_history.main_product | 완제 의약품 제조업, 치과용기기, 정형외과용기기, 의료용기, 의료용구, 의료용재료, 의료기기 || 기업 #695#695 | btp_support_history.main_product | 완제 의약품, 제조업",혼합 시스템#96 | 기계가공/시험장비 > 열유체장비 > 건조기 @ 일광단지 || 연속원심분리기(관형)#240 | 화합물전처리/분석장비 > 분리정제장비 > 원심분리기 @ 일광단지 || 분무건조기(200kg)#261 | 기계가공/시험장비 > 열유체장비 > 건조기 @ 일광단지,direct-text-overlap,주요제품 데이터에서 '{keyword}'가 확인되고 관련 장비 3건이 있어 {functionName}과 매칭했습니다
다이나믹,다이나믹 관련 장비 검증,화합물전처리/분석장비,분광분석장비,0.685,1,2,2,0,"btp_support_history.main_product, btp_support_history.support_item",기업 #1786#1786 | btp_support_history.main_product | 다이나믹 밸런스 || 기업 #1786#1786 | btp_support_history.support_item | 다이나믹 밸런스,퓨리에 변환 적외선 분광기#87 | 화합물전처리/분석장비 > 분광분석장비 > 푸리에변환적외선분광기 || 다이나믹 광 산란 측정기#209 | 화합물전처리/분석장비 > 입자분석장비 > 제타전위측정기,direct-text-overlap,{sourceField}에 적힌 '{keyword}'가 1개 기업 이력에서 확인되어 {functionName} 연결 근거가 됩니다
밸런스,밸런스 관련 장비 검증,물리적측정장비,힘/토오크/압력/진공측정장비,0.685,1,2,2,1,"btp_support_history.main_product, btp_support_history.support_item",기업 #1786#1786 | btp_support_history.main_product | 다이나믹 밸런스 || 기업 #1786#1786 | btp_support_history.support_item | 다이나믹 밸런스,맨발 족저압력 및 보행분석 시스템#141 | 물리적측정장비 > 힘/토오크/압력/진공측정장비 > 달리 분류되지 않는 힘/토오크/압력/진공 측정장비 @ 녹산단지 || 맨발 족저압력 및 보행분석 시스템#232 | 물리적측정장비 > 힘/토오크/압력/진공측정장비 > 달리 분류되지 않는 힘/토오크/압력/진공 측정장비 @ 녹산단지,direct-text-overlap,지원 이력의 '{keyword}' 항목이 1개 BTP 거점 장비와 연결되어 {functionName} 수요로 해석했습니다
사다리,사다리 관련 장비 검증,환경조성/생산/사육시설장비,이동형시설장비,0.685,1,2,2,1,"btp_support_history.main_product, btp_support_history.support_item","기업 #2379#2379 | btp_support_history.main_product | 선박 파공방수패드, 원격 탈부착 사다리, 사다리 고정장치, 잔존유 배출장치, 화재 예방 제 || 기업 #2379#2379 | btp_support_history.support_item | 원격 조종이 가능한 선박 승하선 사다리",이동식 드론 관제 차량#33 | 환경조성/생산/사육시설장비 > 이동형시설장비 > 연구용자동차 @ 지사단지 || 이동식 드론 관제 차량#262 | 환경조성/생산/사육시설장비 > 이동형시설장비 > 연구용자동차 @ 지사단지,direct-text-overlap,기업 문구와 장비 정보 양쪽에 '{keyword}'가 직접 나타나고 장비 2건이 확인되어 {functionName}으로 연결했습니다
튜브,튜브 관련 장비 검증,광학/전자영상장비,방사선발생/측정장비,0.685,1,2,2,1,"btp_support_history.main_product, company.main_product","기업 #616#616 | btp_support_history.main_product | 스테인리스강 파이프&튜브, 이형단면재 || 기업 #616#616 | company.main_product | 금속냉간가공(튜브,파이프,고정밀부품 외), 금속가공기술개발",고정밀 CT 측정기#103 | 광학/전자영상장비 > 방사선발생/측정장비 > X-선발생기 @ 생곡단지 || 리크시험기#220 | 물리적측정장비 > 유체특성측정장비 > 유량계/수량계 @ 생곡단지,direct-text-overlap,주요제품 데이터에서 '{keyword}'가 확인되고 관련 장비 2건이 있어 {functionName}과 매칭했습니다
Butterfly,Butterfly 관련 장비 검증,기계가공/시험장비,열유체장비,0.680,1,2,1,1,btp_support_history.main_product,기업 #1178#1178 | btp_support_history.main_product | Butterfly Valve Check Valve Sluice Valve || 기업 #1178#1178 | btp_support_history.main_product | Butterfly Valve Check Valve Sluice Valve,혼합 시스템#96 | 기계가공/시험장비 > 열유체장비 > 건조기 @ 일광단지,direct-text-overlap,기업 제품군의 '{keyword}' 특성이 기계가공/시험장비 분류와 맞아 {functionName} 후보로 잡았습니다
Check,Check 관련 장비 검증,물리적측정장비,힘/토오크/압력/진공측정장비,0.680,1,2,1,1,btp_support_history.main_product,기업 #1178#1178 | btp_support_history.main_product | Butterfly Valve Check Valve Sluice Valve || 기업 #1178#1178 | btp_support_history.main_product | Butterfly Valve Check Valve Sluice Valve,지면반력 센서#252 | 물리적측정장비 > 힘/토오크/압력/진공측정장비 > 달리 분류되지 않는 힘/토오크/압력/진공 측정장비 @ 다대단지,direct-text-overlap,{sourceField}의 '{keyword}' 제품 표현이 1개 기업에서 확인되어 {functionName} 근거로 사용했습니다
체크밸브,체크밸브 관련 장비 검증,물리적측정장비,유체특성측정장비,0.680,1,2,1,1,btp_support_history.main_product,"기업 #1178#1178 | btp_support_history.main_product | 버터플라이 밸브, 듀얼체크밸브, 체크밸브, 수문밸브 || 기업 #1178#1178 | btp_support_history.main_product | 버터플라이밸브, 체크밸브",가스 밸브 유동 시험장비#379 | 물리적측정장비 > 유체특성측정장비 > 유량계/수량계 @ 지사단지,direct-text-overlap,기업 문구와 장비 정보 양쪽에 '{keyword}'가 직접 나타나고 장비 1건이 확인되어 {functionName}으로 연결했습니다
파이프,파이프 관련 장비 검증,화합물전처리/분석장비,분리분석장비,0.680,1,2,1,1,"btp_support_history.main_product, company.main_product","기업 #616#616 | btp_support_history.main_product | 스테인리스강 파이프&튜브, 이형단면재 || 기업 #616#616 | company.main_product | 금속냉간가공(튜브,파이프,고정밀부품 외), 금속가공기술개발",자동차용 실내 에어필터(cabin)의 가스오염물질 여과 성능평가 시스템#193 | 화합물전처리/분석장비 > 분리분석장비 > 가스크로마토그래피 @ 지사단지,direct-text-overlap,주요제품 데이터에서 '{keyword}'가 확인되고 관련 장비 1건이 있어 {functionName}과 매칭했습니다
측정,측정 관련 장비 검증,임상의료장비,임상측정/진단장비,0.765,1,1,112,11,btp_support_history.main_product,"기업 #1786#1786 | btp_support_history.main_product | 기능성 깔창, 균형 능력 측정 장비",미세먼지 간이측정기 반복재현성 평가 장비#5 | 화합물전처리/분석장비 > 입자분석장비 > 입도분석기 @ 지사단지 || 완제품 및 인체영향 성능평가 시험환경#10 | 환경조성/생산/사육시설장비 > 환경조성형시설장비 > 사용환경모사시설장비 @ 녹산단지 || 동적 특성기#19 | 전기/전자장비 > 측정시험장비 > 전압/전류/전력측정시험장비 @ 지사단지 || 주행차량 전자파 내성 측정 시스템#22 | 전기/전자장비 > 측정시험장비 > 전자파측정시험장비 @ 지사단지 || 휴대용 운동생리학적 신발 칼로리분석 시스템#25 | 임상의료장비 > 임상측정/진단장비 > 호흡기측정/진단장비 @ 녹산단지,direct-text-overlap,임상의료장비 분류의 연결 장비가 112건 확인되어 '{keyword}'를 {functionName} 판단 단서로 삼았습니다
금속,재료물성시험,기계가공/시험장비,재료물성시험장비,0.695,1,1,61,8,company.main_product,"기업 #616#616 | company.main_product | 금속냉간가공(튜브,파이프,고정밀부품 외), 금속가공기술개발",미세먼지 간이측정기 등가성 평가장비#6 | 기계가공/시험장비 > 재료물성시험장비 > 분진시험기 @ 지사단지 || 비틀림시험기#24 | 기계가공/시험장비 > 재료물성시험장비 > 만능피로시험기 @ 지사단지 || 동적하중 만능재료시험기#26 | 기계가공/시험장비 > 재료물성시험장비 > 진동내구시험장비 @ 지사단지 || 인장시험기#32 | 기계가공/시험장비 > 재료물성시험장비 > 만능시험기 @ 지사단지 || 열충격 시험기#74 | 기계가공/시험장비 > 재료물성시험장비 > 열충격시험기 @ 장안단지,profile,{sourceField}의 '{keyword}' 제품 표현이 1개 기업에서 확인되어 {functionName} 근거로 사용했습니다
데이터,데이터 관련 장비 검증,물리적측정장비,힘/토오크/압력/진공측정장비,0.765,1,1,58,9,btp_support_history.support_item,기업 #1786#1786 | btp_support_history.support_item | Dynamic Balance 데이터 및 할룩스 매직 인솔을 활용한 운동 APP 시제품 개발,엔지니어링 협업 시스템#9 | 데이터처리장비 > 하드웨어 > 서버 @ 다대단지 || 의료기기 사용적합성 평가실#15 | 임상의료장비 > 임상진단영상장비 > 달리 분류되지 않는 임상진단영상장비 @ 다대단지 || 동영상 3차원 계측 및 동작분석 하이스피드카메라#36 | 광학/전자영상장비 > 카메라/영상처리장비 > 기타특수카메라 @ 녹산단지 || 초고화질 영상촬영 시스템#43 | 광학/전자영상장비 > 카메라/영상처리장비 > 디지털카메라 @ 지사단지 || 인지 자극 측정 시스템#64 | 임상의료장비 > 임상측정/진단장비 > 달리 분류되지 않는 임상측정/진단장비 @ 엄궁단지,direct-text-overlap,{sourceField}에 적힌 '{keyword}'가 1개 기업 이력에서 확인되어 {functionName} 연결 근거가 됩니다
구성,구성 관련 장비 검증,기계가공/시험장비,자동화/이송 장비,0.765,1,1,52,10,btp_support_history.main_product,기업 #2379#2379 | btp_support_history.main_product | 선박 구성 부분품,"CDM 시험기#13 | 전기/전자장비 > 측정시험장비 > 달리 분류되지 않는 측정시험장비 @ 장전단지 || 동적하중 만능재료시험기#26 | 기계가공/시험장비 > 재료물성시험장비 > 진동내구시험장비 @ 지사단지 || 가습기, 제습기,히터, Heat Pump 평가설비#30 | 기계가공/시험장비 > 열유체장비 > 열교환기 @ 지사단지 || 산업용 드론 플랫폼 회전익 소형#37 | 기계가공/시험장비 > 자동화/이송 장비 > 비행장비 @ 지사단지 || 마이크로스코프#42 | 기계가공/시험장비 > 반도체장비 > 광학검사기 @ 장전단지",direct-text-overlap,{sourceField}의 '{keyword}' 제품 표현이 1개 기업에서 확인되어 {functionName} 근거로 사용했습니다
영상,정밀 관찰/영상분석,광학/전자영상장비,,0.765,1,1,48,11,btp_support_history.main_product,"기업 #2080#2080 | btp_support_history.main_product | 영상감시장치, 선박구성부분품",광학현미경#4 | 광학/전자영상장비 > 현미경 > 광학현미경 @ 장림단지 || 공초점현미경#18 | 광학/전자영상장비 > 현미경 > 공초점현미경 @ 장림단지 || 적외선열화상카메라#20 | 광학/전자영상장비 > 카메라/영상처리장비 > 열화상카메라 || 현미경#28 | 광학/전자영상장비 > 현미경 > 디지털현미경 @ 장전단지 || 동영상 3차원 계측 및 동작분석 하이스피드카메라#36 | 광학/전자영상장비 > 카메라/영상처리장비 > 기타특수카메라 @ 녹산단지,profile,기업 제품군의 '{keyword}' 특성이 광학/전자영상장비 분류와 맞아 {functionName} 후보로 잡았습니다
카메라,정밀 관찰/영상분석,광학/전자영상장비,,0.765,1,1,48,11,btp_support_history.support_item,기업 #2080#2080 | btp_support_history.support_item | 3축 동요 안정기가 적용된 해상 충돌 방지 시스템용 주야간 감시 카메라 시제품 및 특허 지원,광학현미경#4 | 광학/전자영상장비 > 현미경 > 광학현미경 @ 장림단지 || 공초점현미경#18 | 광학/전자영상장비 > 현미경 > 공초점현미경 @ 장림단지 || 적외선열화상카메라#20 | 광학/전자영상장비 > 카메라/영상처리장비 > 열화상카메라 || 현미경#28 | 광학/전자영상장비 > 현미경 > 디지털현미경 @ 장전단지 || 동영상 3차원 계측 및 동작분석 하이스피드카메라#36 | 광학/전자영상장비 > 카메라/영상처리장비 > 기타특수카메라 @ 녹산단지,profile,지원 이력의 '{keyword}' 항목이 11개 BTP 거점 장비와 연결되어 {functionName} 수요로 해석했습니다
카메라,카메라 관련 장비 검증,기계가공/시험장비,자동화/이송 장비,0.765,1,1,36,7,btp_support_history.support_item,기업 #2080#2080 | btp_support_history.support_item | 3축 동요 안정기가 적용된 해상 충돌 방지 시스템용 주야간 감시 카메라 시제품 및 특허 지원,산업용 드론 플랫폼_회전익_소형#3 | 기계가공/시험장비 > 자동화/이송 장비 > 로봇 @ 지사단지 || 의료기기 사용적합성 평가실#15 | 임상의료장비 > 임상진단영상장비 > 달리 분류되지 않는 임상진단영상장비 @ 다대단지 || 동영상 3차원 계측 및 동작분석 하이스피드카메라#36 | 광학/전자영상장비 > 카메라/영상처리장비 > 기타특수카메라 @ 녹산단지 || 산업용 드론 플랫폼 회전익 소형#37 | 기계가공/시험장비 > 자동화/이송 장비 > 비행장비 @ 지사단지 || 마이크로스코프#42 | 기계가공/시험장비 > 반도체장비 > 광학검사기 @ 장전단지,direct-text-overlap,지원품목 데이터 1건에서 '{keyword}'가 반복되고 자동화/이송 장비 분류 장비 36건과 맞물려 {functionName}으로 보았습니다
가능한,가능한 관련 장비 검증,기계가공/시험장비,자동화/이송 장비,0.765,1,1,33,10,btp_support_history.support_item,기업 #2379#2379 | btp_support_history.support_item | 원격 조종이 가능한 선박 승하선 사다리,완제품 및 인체영향 성능평가 시험환경#10 | 환경조성/생산/사육시설장비 > 환경조성형시설장비 > 사용환경모사시설장비 @ 녹산단지 || 산업용 드론 플랫폼 회전익 중형#69 | 기계가공/시험장비 > 자동화/이송 장비 > 비행장비 @ 지사단지 || 디캡 스테이션#93 | 기계가공/시험장비 > 반도체장비 > 달리 분류되지 않는 반도체장비 @ 장전단지 || 고정밀 CT 측정기#103 | 광학/전자영상장비 > 방사선발생/측정장비 > X-선발생기 @ 생곡단지 || 공기 초가속 수명 시험기#128 | 기계가공/시험장비 > 재료물성시험장비 > 가속수명시험기 @ 장전단지,direct-text-overlap,{sourceField}에 적힌 '{keyword}'가 1개 기업 이력에서 확인되어 {functionName} 연결 근거가 됩니다
IoT,데이터/실감형 콘텐츠 검증,데이터처리장비,,0.695,1,1,29,7,company_ntis_lead_project.project_name,기업 #1049#1049 | company_ntis_lead_project.project_name | IoT기반지능형항만물류기술개발(R&D),엔지니어링 협업 시스템#9 | 데이터처리장비 > 하드웨어 > 서버 @ 다대단지 || 주조성형해석프로그램#27 | 데이터처리장비 > 장비소프트웨어 > 계측/분석소프트웨어 @ 지사단지 || 논리설계 검증 소프트웨어#44 | 데이터처리장비 > 장비소프트웨어 > 연구장비기반소프트웨어 @ 지사단지 || 산업안전빅데이터플랫폼#52 | 데이터처리장비 > 하드웨어 > 서버 @ 수안단지 || 5G기반 드론 통합 관제 시스템#88 | 데이터처리장비 > 하드웨어 > 달리 분류되지 않는 하드웨어,profile,연구개발 과제 문맥에 '{keyword}'가 나타나고 연결 장비 29건이 확인되어 {functionName} 근거로 삼았습니다
VR,데이터/실감형 콘텐츠 검증,데이터처리장비,,0.695,1,1,29,7,btp_support_history.main_product,"기업 #1049#1049 | btp_support_history.main_product | VR교육훈련장비, VR콘텐츠, AR/VR 시뮬레이터",엔지니어링 협업 시스템#9 | 데이터처리장비 > 하드웨어 > 서버 @ 다대단지 || 주조성형해석프로그램#27 | 데이터처리장비 > 장비소프트웨어 > 계측/분석소프트웨어 @ 지사단지 || 논리설계 검증 소프트웨어#44 | 데이터처리장비 > 장비소프트웨어 > 연구장비기반소프트웨어 @ 지사단지 || 산업안전빅데이터플랫폼#52 | 데이터처리장비 > 하드웨어 > 서버 @ 수안단지 || 5G기반 드론 통합 관제 시스템#88 | 데이터처리장비 > 하드웨어 > 달리 분류되지 않는 하드웨어,profile,{sourceField}의 '{keyword}' 제품 표현이 1개 기업에서 확인되어 {functionName} 근거로 사용했습니다
소프트웨어,데이터/실감형 콘텐츠 검증,데이터처리장비,,0.765,1,1,29,7,company.main_product,기업 #1049#1049 | company.main_product | 관제장비 및 주변장치/소프트웨어개발 및 유지보수,엔지니어링 협업 시스템#9 | 데이터처리장비 > 하드웨어 > 서버 @ 다대단지 || 주조성형해석프로그램#27 | 데이터처리장비 > 장비소프트웨어 > 계측/분석소프트웨어 @ 지사단지 || 논리설계 검증 소프트웨어#44 | 데이터처리장비 > 장비소프트웨어 > 연구장비기반소프트웨어 @ 지사단지 || 산업안전빅데이터플랫폼#52 | 데이터처리장비 > 하드웨어 > 서버 @ 수안단지 || 5G기반 드론 통합 관제 시스템#88 | 데이터처리장비 > 하드웨어 > 달리 분류되지 않는 하드웨어,profile,데이터처리장비 분류의 연결 장비가 29건 확인되어 '{keyword}'를 {functionName} 판단 단서로 삼았습니다
시뮬레이터,데이터/실감형 콘텐츠 검증,데이터처리장비,,0.765,1,1,29,7,btp_support_history.main_product,"기업 #1049#1049 | btp_support_history.main_product | VR교육훈련장비, VR콘텐츠, AR/VR 시뮬레이터",엔지니어링 협업 시스템#9 | 데이터처리장비 > 하드웨어 > 서버 @ 다대단지 || 주조성형해석프로그램#27 | 데이터처리장비 > 장비소프트웨어 > 계측/분석소프트웨어 @ 지사단지 || 논리설계 검증 소프트웨어#44 | 데이터처리장비 > 장비소프트웨어 > 연구장비기반소프트웨어 @ 지사단지 || 산업안전빅데이터플랫폼#52 | 데이터처리장비 > 하드웨어 > 서버 @ 수안단지 || 5G기반 드론 통합 관제 시스템#88 | 데이터처리장비 > 하드웨어 > 달리 분류되지 않는 하드웨어,profile,주요제품 데이터에서 '{keyword}'가 확인되고 관련 장비 29건이 있어 {functionName}과 매칭했습니다
방사,전자파시험(EMC),전기/전자장비,측정시험장비,0.765,1,1,25,2,company_ntis_lead_project.project_name,"기업 #1049#1049 | company_ntis_lead_project.project_name | 민군기술협력(R&D)(산업부,방사청)",정전기 내성시험 시스템#21 | 전기/전자장비 > 측정시험장비 > 절연/누설/정전기측정시험장비 @ 지사단지 || 주행차량 전자파 내성 측정 시스템#22 | 전기/전자장비 > 측정시험장비 > 전자파측정시험장비 @ 지사단지 || 고주파 RF 파워증폭기#29 | 전기/전자장비 > 측정시험장비 > 전자파측정시험장비 @ 지사단지 || 과도시험 시스템(CTE/CTI)#54 | 전기/전자장비 > 측정시험장비 > 달리 분류되지 않는 측정시험장비 @ 지사단지 || 완성차 방사내성 시험(RS)시험 시스템#55 | 전기/전자장비 > 측정시험장비 > 전자파측정시험장비 @ 지사단지,profile,연구개발 과제 문맥에 '{keyword}'가 나타나고 연결 장비 25건이 확인되어 {functionName} 근거로 삼았습니다
보행,의료기기 사용성/성능평가,임상의료장비,,0.765,1,1,24,3,btp_support_history.support_item,기업 #1786#1786 | btp_support_history.support_item | 보행 시 발 아치 능동적 교정 및 신체 압력 중심 이동 궤적 개선을 통한 고령자 맞춤형 발바닥 근육 강화 인솔 개발,의료기기 사용적합성 평가실#15 | 임상의료장비 > 임상진단영상장비 > 달리 분류되지 않는 임상진단영상장비 @ 다대단지 || 휴대용 운동생리학적 신발 칼로리분석 시스템#25 | 임상의료장비 > 임상측정/진단장비 > 호흡기측정/진단장비 @ 녹산단지 || 인지 자극 측정 시스템#64 | 임상의료장비 > 임상측정/진단장비 > 달리 분류되지 않는 임상측정/진단장비 @ 엄궁단지 || 듀얼 시선 추적장비#73 | 임상의료장비 > 임상측정/진단장비 > 달리 분류되지 않는 임상측정/진단장비 @ 엄궁단지 || 이동형 모니터링 분석 시스템#97 | 임상의료장비 > 전문의학용특수장비 > 달리 분류되지 않는 전문의학용특수장비,profile,지원 이력의 '{keyword}' 항목이 3개 BTP 거점 장비와 연결되어 {functionName} 수요로 해석했습니다
성능,성능 관련 장비 검증,기계가공/시험장비,재료물성시험장비,0.765,1,1,23,5,btp_support_history.support_item,기업 #2379#2379 | btp_support_history.support_item | 파공 방수패드 장비의 성능 개선 및 제작,"20리터회전식감압농축기#2 | 화합물전처리/분석장비 > 분리정제장비 > 증류/농축기 @ 일광단지 || CDM 시험기#13 | 전기/전자장비 > 측정시험장비 > 달리 분류되지 않는 측정시험장비 @ 장전단지 || 동적하중 만능재료시험기#26 | 기계가공/시험장비 > 재료물성시험장비 > 진동내구시험장비 @ 지사단지 || 가습기, 제습기,히터, Heat Pump 평가설비#30 | 기계가공/시험장비 > 열유체장비 > 열교환기 @ 지사단지 || 후면 그라인더#41 | 기계가공/시험장비 > 반도체장비 > 가공/리페어/절단장비 @ 장전단지",direct-text-overlap,기업 문구와 장비 정보 양쪽에 '{keyword}'가 직접 나타나고 장비 23건이 확인되어 {functionName}으로 연결했습니다
압력,압력 관련 장비 검증,물리적측정장비,힘/토오크/압력/진공측정장비,0.765,1,1,23,7,btp_support_history.support_item,기업 #1786#1786 | btp_support_history.support_item | 보행 시 발 아치 능동적 교정 및 신체 압력 중심 이동 궤적 개선을 통한 고령자 맞춤형 발바닥 근육 강화 인솔 개발,퓨리에 변환 적외선 분광기#87 | 화합물전처리/분석장비 > 분광분석장비 > 푸리에변환적외선분광기 || 야외 활동 시험용 3차원 무선 모션캡쳐 시스템#110 | 물리적측정장비 > 길이/위치/자세측정장비 > 달리 분류되지 않는 길이/위치/자세측정장비 @ 녹산단지 || 필름형 압력 측정 장비#111 | 물리적측정장비 > 힘/토오크/압력/진공측정장비 > 달리 분류되지 않는 힘/토오크/압력/진공 측정장비 @ 다대단지 || 휴대용 지면반력 측정 장비#131 | 물리적측정장비 > 힘/토오크/압력/진공측정장비 > 달리 분류되지 않는 힘/토오크/압력/진공 측정장비 @ 다대단지 || 맨발 족저압력 및 보행분석 시스템#141 | 물리적측정장비 > 힘/토오크/압력/진공측정장비 > 달리 분류되지 않는 힘/토오크/압력/진공 측정장비 @ 녹산단지,direct-text-overlap,물리적측정장비 분류의 연결 장비가 23건 확인되어 '{keyword}'를 {functionName} 판단 단서로 삼았습니다
측정장비,측정장비 관련 장비 검증,물리적측정장비,힘/토오크/압력/진공측정장비,0.765,1,1,21,5,btp_support_history.main_product,"기업 #1786#1786 | btp_support_history.main_product | 기능성 인솔, 균형능력 측정장비",필름형 압력 측정 장비#111 | 물리적측정장비 > 힘/토오크/압력/진공측정장비 > 달리 분류되지 않는 힘/토오크/압력/진공 측정장비 @ 다대단지 || 전자파 적합성 시험장비(EMC 측정장비)#121 | 전기/전자장비 > 분석장비 > 신호분석기 @ 지사단지 || 휴대용 지면반력 측정 장비#131 | 물리적측정장비 > 힘/토오크/압력/진공측정장비 > 달리 분류되지 않는 힘/토오크/압력/진공 측정장비 @ 다대단지 || 맨발 족저압력 및 보행분석 시스템#141 | 물리적측정장비 > 힘/토오크/압력/진공측정장비 > 달리 분류되지 않는 힘/토오크/압력/진공 측정장비 @ 녹산단지 || 완전 무선 인솔타입 족저압력 측정 시스템#156 | 물리적측정장비 > 힘/토오크/압력/진공측정장비 > 달리 분류되지 않는 힘/토오크/압력/진공 측정장비 @ 녹산단지,direct-text-overlap,주요제품 데이터에서 '{keyword}'가 확인되고 관련 장비 21건이 있어 {functionName}과 매칭했습니다
보행,보행 관련 장비 검증,물리적측정장비,힘/토오크/압력/진공측정장비,0.740,1,1,15,2,btp_support_history.support_item,기업 #1786#1786 | btp_support_history.support_item | 보행 시 발 아치 능동적 교정 및 신체 압력 중심 이동 궤적 개선을 통한 고령자 맞춤형 발바닥 근육 강화 인솔 개발,완제품 및 인체영향 성능평가 시험환경#10 | 환경조성/생산/사육시설장비 > 환경조성형시설장비 > 사용환경모사시설장비 @ 녹산단지 || 야외 활동 시험용 3차원 무선 모션캡쳐 시스템#110 | 물리적측정장비 > 길이/위치/자세측정장비 > 달리 분류되지 않는 길이/위치/자세측정장비 @ 녹산단지 || 전동높이조절 계단훈련 장비#120 | 임상의료장비 > 전문의학용특수장비 > 달리 분류되지 않는 전문의학용특수장비 @ 다대단지 || 기초 체력 측정 시스템#122 | 임상의료장비 > 임상측정/진단장비 > 근전도측정/진단장비 @ 다대단지 || 적외선 디지털 3차원 인간-신발 동작분석 시스템#125 | 광학/전자영상장비 > 카메라/영상처리장비 > 모션캡쳐카메라 @ 녹산단지,direct-text-overlap,{sourceField}에 적힌 '{keyword}'가 1개 기업 이력에서 확인되어 {functionName} 연결 근거가 됩니다
이동,이동 관련 장비 검증,기계가공/시험장비,달리 분류되지 않는 기계가공/시험장비,0.740,1,1,15,5,btp_support_history.support_item,기업 #1786#1786 | btp_support_history.support_item | 보행 시 발 아치 능동적 교정 및 신체 압력 중심 이동 궤적 개선을 통한 고령자 맞춤형 발바닥 근육 강화 인솔 개발,3차원 측정기#46 | 물리적측정장비 > 길이/위치/자세측정장비 > 달리 분류되지 않는 길이/위치/자세측정장비 @ 생곡단지 || 청정환기 소재 및 부품 복합 시험설비#134 | 기계가공/시험장비 > 달리 분류되지 않는 기계가공/시험장비 > x @ 지사단지 || 솔더 젖음성 시험기#196 | 기계가공/시험장비 > 재료물성시험장비 > 특성평가시스템 @ 장전단지 || 산업용 드론 플랫폼 수중#201 | 기계가공/시험장비 > 자동화/이송 장비 > 달리 분류되지 않는 자동화/이송장비 @ 지사단지 || 해외규격인증 개인착용형 호흡기 보호구(PPE) 시험 시스템#255 | 기계가공/시험장비 > 달리 분류되지 않는 기계가공/시험장비 > x @ 지사단지,direct-text-overlap,지원 이력의 '{keyword}' 항목이 5개 BTP 거점 장비와 연결되어 {functionName} 수요로 해석했습니다
소형,소형 관련 장비 검증,기계가공/시험장비,자동화/이송 장비,0.725,1,1,12,2,btp_support_history.support_item,기업 #2379#2379 | btp_support_history.support_item | 소형 RIM Driven Thruster 시제품 제작,산업용 드론 플랫폼_회전익_소형#3 | 기계가공/시험장비 > 자동화/이송 장비 > 로봇 @ 지사단지 || 산업용 드론 플랫폼 회전익 소형#37 | 기계가공/시험장비 > 자동화/이송 장비 > 비행장비 @ 지사단지 || 산업용 드론 플랫폼 회전익 소형 포획#190 | 기계가공/시험장비 > 자동화/이송 장비 > 비행장비 @ 지사단지 || 산업용 드론 플랫폼 회전익 소형#210 | 기계가공/시험장비 > 자동화/이송 장비 > 비행장비 @ 지사단지 || 오염물질 방출 성능평가 시스템#217 | 기계가공/시험장비 > 달리 분류되지 않는 기계가공/시험장비 > x @ 지사단지,direct-text-overlap,기업 문구와 장비 정보 양쪽에 '{keyword}'가 직접 나타나고 장비 12건이 확인되어 {functionName}으로 연결했습니다
Dynamic,Dynamic 관련 장비 검증,광학/전자영상장비,카메라/영상처리장비,0.720,1,1,11,4,btp_support_history.support_item,기업 #1786#1786 | btp_support_history.support_item | Dynamic Balance 데이터 및 할룩스 매직 인솔을 활용한 운동 APP 시제품 개발,동영상 3차원 계측 및 동작분석 하이스피드카메라#36 | 광학/전자영상장비 > 카메라/영상처리장비 > 기타특수카메라 @ 녹산단지 || 이동형 모니터링 분석 시스템#97 | 임상의료장비 > 전문의학용특수장비 > 달리 분류되지 않는 전문의학용특수장비 || 무인비행장치 변위측정용 레이저 트래커#168 | 물리적측정장비 > 길이/위치/자세측정장비 > 길이측정장비 @ 지사단지 || 변형특성분석기#221 | 데이터처리장비 > 하드웨어 > 저장장치 @ 지사단지 || 동영상 3차원 계측 및 동작분석 하이스피드카메라#224 | 광학/전자영상장비 > 카메라/영상처리장비 > 기타특수카메라 @ 녹산단지,direct-text-overlap,광학/전자영상장비 분류의 연결 장비가 11건 확인되어 '{keyword}'를 {functionName} 판단 단서로 삼았습니다
구조,구조 관련 장비 검증,광학/전자영상장비,현미경,0.720,1,1,11,3,btp_support_history.support_item,기업 #2379#2379 | btp_support_history.support_item | 식생 걸림 최소화 구조의 고출력 무인선박 개발을 위한 최적화 구조 및 적층 방안 전문가 자문,청정환기 소재 및 부품 복합 시험설비#134 | 기계가공/시험장비 > 달리 분류되지 않는 기계가공/시험장비 > x @ 지사단지 || 고해상도 광학현미경#199 | 광학/전자영상장비 > 현미경 > 광학현미경 @ 미음단지 || 산업용 드론 플랫폼 수중#201 | 기계가공/시험장비 > 자동화/이송 장비 > 달리 분류되지 않는 자동화/이송장비 @ 지사단지 || 그린카용 고전압 전장부품 전자파 시험실#206 | 전기/전자장비 > 측정시험장비 > 전자파측정시험장비 @ 지사단지 || 강우분사시험기#218 | 기계가공/시험장비 > 반도체장비 > 스프레이장비 @ 지사단지,direct-text-overlap,지원품목 데이터 1건에서 '{keyword}'가 반복되고 현미경 분류 장비 11건과 맞물려 {functionName}으로 보았습니다
주요,주요 관련 장비 검증,전기/전자장비,측정시험장비,0.720,1,1,11,3,btp_support_history.support_item,기업 #1049#1049 | btp_support_history.support_item | 전시장 및 주요 관광지 전망대용 증강현실(AR) 기반 망원경 기술사업화,주행차량 전자파 내성 측정 시스템#22 | 전기/전자장비 > 측정시험장비 > 전자파측정시험장비 @ 지사단지 || 완성차 방사내성 시험(RS)시험 시스템#55 | 전기/전자장비 > 측정시험장비 > 전자파측정시험장비 @ 지사단지 || 고전압_내성 시험시스템#62 | 전기/전자장비 > 측정시험장비 > 전자파측정시험장비 @ 지사단지 || 고전압_복사/전도 방출 시험시스템#81 | 전기/전자장비 > 측정시험장비 > 전자파측정시험장비 @ 지사단지 || 룸코너 테스터#127 | 기계가공/시험장비 > 재료물성시험장비 > 특성평가시스템 @ 미음단지,direct-text-overlap,{sourceField}에 적힌 '{keyword}'가 1개 기업 이력에서 확인되어 {functionName} 연결 근거가 됩니다
3축,3축 관련 장비 검증,기계가공/시험장비,자동화/이송 장비,0.715,1,1,10,2,btp_support_history.support_item,기업 #2080#2080 | btp_support_history.support_item | 3축 동요 안정기가 적용된 해상 충돌 방지 시스템용 주야간 감시 카메라 시제품 및 특허 지원,산업용 드론 플랫폼 회전익 소형#37 | 기계가공/시험장비 > 자동화/이송 장비 > 비행장비 @ 지사단지 || 산업용 드론 플랫폼 회전익 중형#69 | 기계가공/시험장비 > 자동화/이송 장비 > 비행장비 @ 지사단지 || 무선 근전도 시스템#124 | 임상의료장비 > 임상측정/진단장비 > 근전도측정/진단장비 @ 녹산단지 || 산업용 드론 플랫폼 회전익 중형#166 | 기계가공/시험장비 > 자동화/이송 장비 > 비행장비 @ 지사단지 || 산업용 드론 플랫폼 고정익 중형 하이브리드#177 | 기계가공/시험장비 > 자동화/이송 장비 > 비행장비 @ 지사단지,direct-text-overlap,지원 이력의 '{keyword}' 항목이 2개 BTP 거점 장비와 연결되어 {functionName} 수요로 해석했습니다
환경,환경 관련 장비 검증,화합물전처리/분석장비,분리분석장비,0.715,1,1,10,4,btp_support_history.support_item,기업 #1878#1878 | btp_support_history.support_item | 근로자 안전을 위한 시스템 서포트 붕괴 위험 진단 센싱 환경 설계 및 실증,완제품 및 인체영향 성능평가 시험환경#10 | 환경조성/생산/사육시설장비 > 환경조성형시설장비 > 사용환경모사시설장비 @ 녹산단지 || 샤시다이나모미터#140 | 물리적측정장비 > 힘/토오크/압력/진공측정장비 > 동력계 @ 지사단지 || 고저온만능시험기#150 | 기계가공/시험장비 > 재료물성시험장비 > 진동내구시험장비 @ 지사단지 || 무인비행장치 변위측정용 레이저 트래커#168 | 물리적측정장비 > 길이/위치/자세측정장비 > 길이측정장비 @ 지사단지 || 자동차용 실내 에어필터(cabin)의 가스오염물질 여과 성능평가 시스템#193 | 화합물전처리/분석장비 > 분리분석장비 > 가스크로마토그래피 @ 지사단지,direct-text-overlap,기업 문구와 장비 정보 양쪽에 '{keyword}'가 직접 나타나고 장비 10건이 확인되어 {functionName}으로 연결했습니다
스마트,스마트 관련 장비 검증,물리적측정장비,힘/토오크/압력/진공측정장비,0.705,1,1,8,3,btp_support_history.support_item,기업 #2379#2379 | btp_support_history.support_item | 스마트 밴드를 활용한 ICT 융복합 선박 승선원 안전관리시스템 기술,일상생활 실증평가실#11 | 환경조성/생산/사육시설장비 > 환경조성형시설장비 > 사용환경모사시설장비 @ 다대단지 || 무인비행장치 변위측정용 레이저 트래커#168 | 물리적측정장비 > 길이/위치/자세측정장비 > 길이측정장비 @ 지사단지 || 정적 자세 및 균형 측정기 2호#425 | 물리적측정장비 > 힘/토오크/압력/진공측정장비 > 달리 분류되지 않는 힘/토오크/압력/진공 측정장비 @ 녹산단지 || 정적 자세 및 균형 측정기 1호#426 | 물리적측정장비 > 힘/토오크/압력/진공측정장비 > 달리 분류되지 않는 힘/토오크/압력/진공 측정장비 @ 녹산단지 || 맞춤인솔분석기#428 | 기계가공/시험장비 > 성형/가공 장비 > 달리 분류되지 않는 성형/가공장비 @ 녹산단지,direct-text-overlap,지원 이력의 '{keyword}' 항목이 3개 BTP 거점 장비와 연결되어 {functionName} 수요로 해석했습니다
방지,방지 관련 장비 검증,기계가공/시험장비,열유체장비,0.700,1,1,7,3,btp_support_history.support_item,기업 #2080#2080 | btp_support_history.support_item | 3축 동요 안정기가 적용된 해상 충돌 방지 시스템용 주야간 감시 카메라 시제품 및 특허 지원,혼합 시스템#96 | 기계가공/시험장비 > 열유체장비 > 건조기 @ 일광단지 || 자동차용 실내 에어필터(cabin)의 가스오염물질 여과 성능평가 시스템#193 | 화합물전처리/분석장비 > 분리분석장비 > 가스크로마토그래피 @ 지사단지 || 항온 항습설비#203 | 기계가공/시험장비 > 열유체장비 > 항온/항습기 @ 다대단지 || 다축 모터 하중인가 시험기#226 | 기계가공/시험장비 > 재료물성시험장비 > 만능시험기 @ 다대단지 || 자동차용 실내 에어필터의 미세먼지 여과 성능평가 시스템#332 | 기계가공/시험장비 > 재료물성시험장비 > 특성평가시스템 @ 지사단지,direct-text-overlap,기업 문구와 장비 정보 양쪽에 '{keyword}'가 직접 나타나고 장비 7건이 확인되어 {functionName}으로 연결했습니다
장비의,장비의 관련 장비 검증,기계가공/시험장비,재료물성시험장비,0.700,1,1,7,4,btp_support_history.support_item,기업 #2379#2379 | btp_support_history.support_item | 파공 방수패드 장비의 성능 개선 및 제작,퓨리에 변환 적외선 분광기#87 | 화합물전처리/분석장비 > 분광분석장비 > 푸리에변환적외선분광기 || 룸코너 테스터#127 | 기계가공/시험장비 > 재료물성시험장비 > 특성평가시스템 @ 미음단지 || 오염물질 방출 성능평가 시스템#217 | 기계가공/시험장비 > 달리 분류되지 않는 기계가공/시험장비 > x @ 지사단지 || 3차원 다관절 스캐너#229 | 광학/전자영상장비 > 카메라/영상처리장비 > 스캐너 @ 엄궁단지 || 해외규격인증 개인착용형 호흡기 보호구(PPE) 시험 시스템#255 | 기계가공/시험장비 > 달리 분류되지 않는 기계가공/시험장비 > x @ 지사단지,direct-text-overlap,지원품목 데이터 1건에서 '{keyword}'가 반복되고 재료물성시험장비 분류 장비 7건과 맞물려 {functionName}으로 보았습니다
시뮬레이터,시뮬레이터 관련 장비 검증,전기/전자장비,분석장비,0.695,1,1,6,5,btp_support_history.main_product,"기업 #1049#1049 | btp_support_history.main_product | VR교육훈련장비, VR콘텐츠, AR/VR 시뮬레이터",전자기 시뮬레이터#35 | 전기/전자장비 > 분석장비 > 신호분석기 @ 엄궁단지 || 250kW 모터 다이나모 시스템#165 | 물리적측정장비 > 힘/토오크/압력/진공측정장비 > 동력계 @ 생곡단지 || 리크시험기#220 | 물리적측정장비 > 유체특성측정장비 > 유량계/수량계 @ 생곡단지 || 해외규격인증 개인착용형 호흡기 보호구(PPE) 시험 시스템#255 | 기계가공/시험장비 > 달리 분류되지 않는 기계가공/시험장비 > x @ 지사단지 || 위성영상 교육용 시뮬레이터 서버 가상화시스템#347 | 데이터처리장비 > 하드웨어 > 서버 @ 영도단지,direct-text-overlap,기업 제품군의 '{keyword}' 특성이 전기/전자장비 분류와 맞아 {functionName} 후보로 잡았습니다
안전,안전 관련 장비 검증,기계가공/시험장비,재료물성시험장비,0.695,1,1,6,3,btp_support_history.main_product,"기업 #2379#2379 | btp_support_history.main_product | 해양 안전, 구난 장비",일상생활 실증평가실#11 | 환경조성/생산/사육시설장비 > 환경조성형시설장비 > 사용환경모사시설장비 @ 다대단지 || 고저온만능시험기#150 | 기계가공/시험장비 > 재료물성시험장비 > 진동내구시험장비 @ 지사단지 || 근기능 증진 분석 시스템#154 | 임상의료장비 > 임상측정/진단장비 > 달리 분류되지 않는 임상측정/진단장비 @ 다대단지 || 420kW 모터 다이나모 시스템#169 | 물리적측정장비 > 힘/토오크/압력/진공측정장비 > 동력계 @ 생곡단지 || 기계제어식 높이조절 경사로#246 | 기계가공/시험장비 > 재료물성시험장비 > 달리 분류되지 않는 재료물성시험장비,direct-text-overlap,{sourceField}의 '{keyword}' 제품 표현이 1개 기업에서 확인되어 {functionName} 근거로 사용했습니다
IR,IR 관련 장비 검증,기계가공/시험장비,자동화/이송 장비,0.690,1,1,5,3,btp_support_history.support_item,기업 #1786#1786 | btp_support_history.support_item | IR 스토리 및 피칭,산업용 드론 플랫폼 회전익 소형#37 | 기계가공/시험장비 > 자동화/이송 장비 > 비행장비 @ 지사단지 || 산업용 드론 플랫폼 회전익 소형#210 | 기계가공/시험장비 > 자동화/이송 장비 > 비행장비 @ 지사단지 || 열화상 측정 장비#275 | 광학/전자영상장비 > 카메라/영상처리장비 > 열화상카메라 @ 다대단지 || 모션캡쳐 시스템#318 | 광학/전자영상장비 > 카메라/영상처리장비 > 모션캡쳐카메라 @ 지사단지 || 광학성능평가시스템#468 | 광학/전자영상장비 > 달리 분류되지 않는 광학/전자영상장비 > x @ 영도단지,direct-text-overlap,기업 문구와 장비 정보 양쪽에 '{keyword}'가 직접 나타나고 장비 5건이 확인되어 {functionName}으로 연결했습니다
적용한,적용한 관련 장비 검증,물리적측정장비,힘/토오크/압력/진공측정장비,0.690,1,1,5,1,btp_support_history.support_item,기업 #1786#1786 | btp_support_history.support_item | 압전 에너지 하베스팅을 적용한 에코 할룩스 매직 기능성 인솔 시제품 제작,정적 자세 및 균형 측정기 2호#425 | 물리적측정장비 > 힘/토오크/압력/진공측정장비 > 달리 분류되지 않는 힘/토오크/압력/진공 측정장비 @ 녹산단지 || 정적 자세 및 균형 측정기 1호#426 | 물리적측정장비 > 힘/토오크/압력/진공측정장비 > 달리 분류되지 않는 힘/토오크/압력/진공 측정장비 @ 녹산단지 || 맞춤인솔분석기#428 | 기계가공/시험장비 > 성형/가공 장비 > 달리 분류되지 않는 성형/가공장비 @ 녹산단지 || 보행분석기 2호#431 | 물리적측정장비 > 힘/토오크/압력/진공측정장비 > 달리 분류되지 않는 힘/토오크/압력/진공 측정장비 @ 녹산단지 || 보행분석기 1호#432 | 물리적측정장비 > 힘/토오크/압력/진공측정장비 > 달리 분류되지 않는 힘/토오크/압력/진공 측정장비 @ 녹산단지,direct-text-overlap,지원품목 데이터 1건에서 '{keyword}'가 반복되고 힘/토오크/압력/진공측정장비 분류 장비 5건과 맞물려 {functionName}으로 보았습니다
AR,AR 관련 장비 검증,기계가공/시험장비,반도체장비,0.685,1,1,4,1,btp_support_history.support_item,기업 #1049#1049 | btp_support_history.support_item | 전시장 및 주요 관광지 전망대용 증강현실(AR) 기반 망원경 기술사업화,퍼니스(RTP)#14 | 기계가공/시험장비 > 반도체장비 > 퍼니스 @ 장전단지 || 건식 식각기(Metal)#16 | 기계가공/시험장비 > 반도체장비 > 식각장비 @ 장전단지 || 스퍼터#161 | 기계가공/시험장비 > 반도체장비 > 스퍼터 @ 장전단지 || 건식식각기#204 | 기계가공/시험장비 > 반도체장비 > 식각장비 @ 장전단지,direct-text-overlap,{sourceField}에 적힌 '{keyword}'가 1개 기업 이력에서 확인되어 {functionName} 연결 근거가 됩니다
Balance,Balance 관련 장비 검증,화합물전처리/분석장비,분리정제장비,0.685,1,1,4,2,btp_support_history.support_item,기업 #1786#1786 | btp_support_history.support_item | Dynamic Balance 데이터 및 할룩스 매직 인솔을 활용한 운동 APP 시제품 개발,고속원심분리기#66 | 화합물전처리/분석장비 > 분리정제장비 > 원심분리기 @ 일광단지 || 균형 측정 평가 장비#160 | 임상의료장비 > 전문의학용특수장비 > 재활치료용검사장비 @ 다대단지 || 가상현실기반 동적균형능력 평가 장비#249 | 광학/전자영상장비 > 카메라/영상처리장비 > 모션캡쳐카메라 @ 다대단지 || 지면반력 센서#252 | 물리적측정장비 > 힘/토오크/압력/진공측정장비 > 달리 분류되지 않는 힘/토오크/압력/진공 측정장비 @ 다대단지,direct-text-overlap,지원 이력의 '{keyword}' 항목이 2개 BTP 거점 장비와 연결되어 {functionName} 수요로 해석했습니다
균형,균형 관련 장비 검증,물리적측정장비,힘/토오크/압력/진공측정장비,0.685,1,1,4,2,btp_support_history.main_product,"기업 #1786#1786 | btp_support_history.main_product | 기능성 깔창, 균형 능력 측정 장비",근기능 증진 분석 시스템#154 | 임상의료장비 > 임상측정/진단장비 > 달리 분류되지 않는 임상측정/진단장비 @ 다대단지 || 균형 측정 평가 장비#160 | 임상의료장비 > 전문의학용특수장비 > 재활치료용검사장비 @ 다대단지 || 정적 자세 및 균형 측정기 2호#425 | 물리적측정장비 > 힘/토오크/압력/진공측정장비 > 달리 분류되지 않는 힘/토오크/압력/진공 측정장비 @ 녹산단지 || 정적 자세 및 균형 측정기 1호#426 | 물리적측정장비 > 힘/토오크/압력/진공측정장비 > 달리 분류되지 않는 힘/토오크/압력/진공 측정장비 @ 녹산단지,direct-text-overlap,기업 문구와 장비 정보 양쪽에 '{keyword}'가 직접 나타나고 장비 4건이 확인되어 {functionName}으로 연결했습니다
소재,소재 관련 장비 검증,임상의료장비,임상측정/진단장비,0.685,1,1,4,3,btp_support_history.support_item,기업 #616#616 | btp_support_history.support_item | 스테인리스강 이형형상 소재 제조를 위한 최적화 냉간가공 인발 금형 설계 및 시제품 제작,듀얼 시선 추적장비#73 | 임상의료장비 > 임상측정/진단장비 > 달리 분류되지 않는 임상측정/진단장비 @ 엄궁단지 || 청정환기 소재 및 부품 복합 시험설비#134 | 기계가공/시험장비 > 달리 분류되지 않는 기계가공/시험장비 > x @ 지사단지 || 듀얼 시선 추적장비#330 | 임상의료장비 > 임상측정/진단장비 > 달리 분류되지 않는 임상측정/진단장비 @ 엄궁단지 || 만능재료 시험기#417 | 기계가공/시험장비 > 재료물성시험장비 > 만능시험기 @ 다대단지,direct-text-overlap,지원품목 데이터 1건에서 '{keyword}'가 반복되고 임상측정/진단장비 분류 장비 4건과 맞물려 {functionName}으로 보았습니다
적층,적층 관련 장비 검증,환경조성/생산/사육시설장비,생산시설장비,0.685,1,1,4,2,btp_support_history.support_item,기업 #2379#2379 | btp_support_history.support_item | 식생 걸림 최소화 구조의 고출력 무인선박 개발을 위한 최적화 구조 및 적층 방안 전문가 자문,나노스펙#172 | 물리적측정장비 > 길이/위치/자세측정장비 > 위치/자세측정장비 @ 장전단지 || 폴리젯 3D프린터#380 | 환경조성/생산/사육시설장비 > 생산시설장비 > 달리 분류되지 않는 생산시설장비 @ 엄궁단지 || 디지털라이트 3D프린터#385 | 환경조성/생산/사육시설장비 > 생산시설장비 > 달리 분류되지 않는 생산시설장비 @ 엄궁단지 || FDM 소형 3D프린터#386 | 환경조성/생산/사육시설장비 > 생산시설장비 > 달리 분류되지 않는 생산시설장비 @ 엄궁단지,direct-text-overlap,{sourceField}에 적힌 '{keyword}'가 1개 기업 이력에서 확인되어 {functionName} 연결 근거가 됩니다
능력,능력 관련 장비 검증,기계가공/시험장비,열유체장비,0.680,1,1,3,2,btp_support_history.main_product,"기업 #1786#1786 | btp_support_history.main_product | 기능성 깔창, 균형 능력 측정 장비","가습기, 제습기,히터, Heat Pump 평가설비#30 | 기계가공/시험장비 > 열유체장비 > 열교환기 @ 지사단지 || 환기용 공기청정기 성능평가 시스템#72 | 기계가공/시험장비 > 열유체장비 > 유체정화기 @ 지사단지 || 엑스 레이#176 | 광학/전자영상장비 > 카메라/영상처리장비 > X-선/자외선/적외선카메라 @ 장전단지",direct-text-overlap,{sourceField}의 '{keyword}' 제품 표현이 1개 기업에서 확인되어 {functionName} 근거로 사용했습니다
만족하는,만족하는 관련 장비 검증,물리적측정장비,음향/소음/진동/충격/초음파측정장비,0.680,1,1,3,1,btp_support_history.support_item,기업 #1730#1730 | btp_support_history.support_item | 영하 52℃ ARC7 ICE등급 및 IMO Polar Code를 만족하는 Mushroom Ventilator 사업화 지원,진동감지 평가시스템#285 | 물리적측정장비 > 음향/소음/진동/충격/초음파측정장비 > 진동계 @ 수안단지 || 에릭슨 도장시펀 박리시험기#389 | 기계가공/시험장비 > 재료물성시험장비 > 달리 분류되지 않는 재료물성시험장비 || 점도계#395 | 물리적측정장비 > 유체특성측정장비 > 점도계,direct-text-overlap,기업 문구와 장비 정보 양쪽에 '{keyword}'가 직접 나타나고 장비 3건이 확인되어 {functionName}으로 연결했습니다
진단,진단 관련 장비 검증,화합물전처리/분석장비,분광분석장비,0.680,1,1,3,2,btp_support_history.support_item,기업 #1878#1878 | btp_support_history.support_item | 근로자 안전을 위한 시스템 서포트 붕괴 위험 진단 센싱 환경 설계 및 실증,퓨리에 변환 적외선 분광기#87 | 화합물전처리/분석장비 > 분광분석장비 > 푸리에변환적외선분광기 || 재사용배터리 품질보증 평가시스템#341 | 전기/전자장비 > 측정시험장비 > 달리 분류되지 않는 측정시험장비 @ 생곡단지 || 3차원 발 측정 시스템#460 | 광학/전자영상장비 > 이미지분석장비 > 달리 분류되지 않는 이미지분석장비 @ 개금단지,direct-text-overlap,지원품목 데이터 1건에서 '{keyword}'가 반복되고 분광분석장비 분류 장비 3건과 맞물려 {functionName}으로 보았습니다
탈부착,탈부착 관련 장비 검증,기계가공/시험장비,자동화/이송 장비,0.680,1,1,3,2,btp_support_history.main_product,"기업 #2379#2379 | btp_support_history.main_product | 선박 파공방수패드, 원격 탈부착 사다리, 사다리 고정장치, 잔존유 배출장치, 화재 예방 제",혼합 시스템#96 | 기계가공/시험장비 > 열유체장비 > 건조기 @ 일광단지 || 산업용 드론 플랫폼 회전익 소형 포획#190 | 기계가공/시험장비 > 자동화/이송 장비 > 비행장비 @ 지사단지 || 산업용 드론 플랫폼 회전익 소형 포획#297 | 기계가공/시험장비 > 자동화/이송 장비 > 비행장비 @ 지사단지,direct-text-overlap,기업 제품군의 '{keyword}' 특성이 기계가공/시험장비 분류와 맞아 {functionName} 후보로 잡았습니다
화재,화재 관련 장비 검증,환경조성/생산/사육시설장비,환경조성형시설장비,0.680,1,1,3,3,btp_support_history.main_product,"기업 #2379#2379 | btp_support_history.main_product | 선박 파공방수패드, 원격 탈부착 사다리, 사다리 고정장치, 잔존유 배출장치, 화재 예방 제",일상생활 실증평가실#11 | 환경조성/생산/사육시설장비 > 환경조성형시설장비 > 사용환경모사시설장비 @ 다대단지 || 화재감시 센서 플랫폼#274 | 광학/전자영상장비 > 카메라/영상처리장비 > 모니터 @ 수안단지 || 복합소재 발연성 및 유독가스 측정장비#374 | 기계가공/시험장비 > 달리 분류되지 않는 기계가공/시험장비 > 소분류 선택 @ 미음단지,direct-text-overlap,{sourceField}의 '{keyword}' 제품 표현이 1개 기업에서 확인되어 {functionName} 근거로 사용했습니다
신체,신체 관련 장비 검증,임상의료장비,임상측정/진단장비,0.675,1,1,2,2,btp_support_history.support_item,기업 #1786#1786 | btp_support_history.support_item | 보행 시 발 아치 능동적 교정 및 신체 압력 중심 이동 궤적 개선을 통한 고령자 맞춤형 발바닥 근육 강화 인솔 개발,이동형 신체 움직임 측정 장비#214 | 임상의료장비 > 임상측정/진단장비 > 임상추적/인식측정/진단장비 @ 엄궁단지 || 주로형 지면반발력 측정용 시스템#282 | 임상의료장비 > 전문의학용특수장비 > 달리 분류되지 않는 전문의학용특수장비 @ 녹산단지,direct-text-overlap,기업 문구와 장비 정보 양쪽에 '{keyword}'가 직접 나타나고 장비 2건이 확인되어 {functionName}으로 연결했습니다
실증,실증 관련 장비 검증,기계가공/시험장비,달리 분류되지 않는 기계가공/시험장비,0.675,1,1,2,1,btp_support_history.support_item,기업 #1878#1878 | btp_support_history.support_item | 근로자 안전을 위한 시스템 서포트 붕괴 위험 진단 센싱 환경 설계 및 실증,청정환기 소재 및 부품 복합 시험설비#134 | 기계가공/시험장비 > 달리 분류되지 않는 기계가공/시험장비 > x @ 지사단지 || 하이드롤리시스 해중합 나일론 섬유 실증 테스트베드#467 | 화합물전처리/분석장비 > 반응/혼합/분쇄장비 > 반응장비 @ 지사단지,direct-text-overlap,지원품목 데이터 1건에서 '{keyword}'가 반복되고 달리 분류되지 않는 기계가공/시험장비 분류 장비 2건과 맞물려 {functionName}으로 보았습니다
자동제어,자동제어 관련 장비 검증,기계가공/시험장비,달리 분류되지 않는 기계가공/시험장비,0.675,1,1,2,1,btp_support_history.support_item,기업 #1178#1178 | btp_support_history.support_item | 수소가스 생산설비용 자동제어 버터플라이 밸브,해외규격인증 개인착용형 호흡기 보호구(PPE) 시험 시스템#255 | 기계가공/시험장비 > 달리 분류되지 않는 기계가공/시험장비 > x @ 지사단지 || 자동차용 실내 에어필터의 미세먼지 여과 성능평가 시스템#332 | 기계가공/시험장비 > 재료물성시험장비 > 특성평가시스템 @ 지사단지,direct-text-overlap,{sourceField}에 적힌 '{keyword}'가 1개 기업 이력에서 확인되어 {functionName} 연결 근거가 됩니다
적용된,적용된 관련 장비 검증,기계가공/시험장비,재료물성시험장비,0.675,1,1,2,1,btp_support_history.support_item,기업 #2080#2080 | btp_support_history.support_item | 3축 동요 안정기가 적용된 해상 충돌 방지 시스템용 주야간 감시 카메라 시제품 및 특허 지원,고저온만능시험기#150 | 기계가공/시험장비 > 재료물성시험장비 > 진동내구시험장비 @ 지사단지 || 전기자동차 전자파 디버깅 시스템#288 | 전기/전자장비 > 자기력발생/측정/응용장비 > 자기력측정장비,direct-text-overlap,지원 이력의 '{keyword}' 항목이 1개 BTP 거점 장비와 연결되어 {functionName} 수요로 해석했습니다
중심,중심 관련 장비 검증,임상의료장비,임상측정/진단장비,0.675,1,1,2,1,btp_support_history.support_item,기업 #1786#1786 | btp_support_history.support_item | 보행 시 발 아치 능동적 교정 및 신체 압력 중심 이동 궤적 개선을 통한 고령자 맞춤형 발바닥 근육 강화 인솔 개발,근기능 증진 분석 시스템#154 | 임상의료장비 > 임상측정/진단장비 > 달리 분류되지 않는 임상측정/진단장비 @ 다대단지 || 브레이크 피로시험 측정장비#412 | 기계가공/시험장비 > 재료물성시험장비 > 작동내구시험기 @ 다대단지,direct-text-overlap,기업 문구와 장비 정보 양쪽에 '{keyword}'가 직접 나타나고 장비 2건이 확인되어 {functionName}으로 연결했습니다
충돌방지,충돌방지 관련 장비 검증,기계가공/시험장비,자동화/이송 장비,0.675,1,1,2,1,btp_support_history.support_item,기업 #2080#2080 | btp_support_history.support_item | 선박해상 충돌방지 시스템,산업용 드론 플랫폼 회전익 중형#69 | 기계가공/시험장비 > 자동화/이송 장비 > 비행장비 @ 지사단지 || 산업용 드론 플랫폼 회전익 중형#166 | 기계가공/시험장비 > 자동화/이송 장비 > 비행장비 @ 지사단지,direct-text-overlap,지원품목 데이터 1건에서 '{keyword}'가 반복되고 자동화/이송 장비 분류 장비 2건과 맞물려 {functionName}으로 보았습니다
해상,해상 관련 장비 검증,기계가공/시험장비,자동화/이송 장비,0.675,1,1,2,1,btp_support_history.support_item,기업 #2080#2080 | btp_support_history.support_item | 3축 동요 안정기가 적용된 해상 충돌 방지 시스템용 주야간 감시 카메라 시제품 및 특허 지원,산업용 드론 플랫폼 회전익 소형#37 | 기계가공/시험장비 > 자동화/이송 장비 > 비행장비 @ 지사단지 || 산업용 드론 플랫폼 회전익 소형#210 | 기계가공/시험장비 > 자동화/이송 장비 > 비행장비 @ 지사단지,direct-text-overlap,{sourceField}에 적힌 '{keyword}'가 1개 기업 이력에서 확인되어 {functionName} 연결 근거가 됩니다
52,52 관련 장비 검증,물리적측정장비,길이/위치/자세측정장비,0.670,1,1,1,1,btp_support_history.support_item,기업 #1730#1730 | btp_support_history.support_item | 영하 52℃ ARC7 ICE등급 및 IMO Polar Code를 만족하는 Mushroom Ventilator 사업화 지원,야외 활동 시험용 3차원 무선 모션캡쳐 시스템#110 | 물리적측정장비 > 길이/위치/자세측정장비 > 달리 분류되지 않는 길이/위치/자세측정장비 @ 녹산단지,direct-text-overlap,지원 이력의 '{keyword}' 항목이 1개 BTP 거점 장비와 연결되어 {functionName} 수요로 해석했습니다
APP,APP 관련 장비 검증,임상의료장비,임상측정/진단장비,0.670,1,1,1,1,btp_support_history.support_item,기업 #1786#1786 | btp_support_history.support_item | Dynamic Balance 데이터 및 할룩스 매직 인솔을 활용한 운동 APP 시제품 개발,인지 정보분석 시스템#194 | 임상의료장비 > 임상측정/진단장비 > 달리 분류되지 않는 임상측정/진단장비 @ 다대단지,direct-text-overlap,기업 문구와 장비 정보 양쪽에 '{keyword}'가 직접 나타나고 장비 1건이 확인되어 {functionName}으로 연결했습니다
LIQUID,LIQUID 관련 장비 검증,전기/전자장비,측정시험장비,0.670,1,1,1,1,btp_support_history.main_product,기업 #117#117 | btp_support_history.main_product | 고액분리기(SOLID LIQUID SEPARATOR),RF 파워증폭기#306 | 전기/전자장비 > 측정시험장비 > 전자파측정시험장비 @ 지사단지,direct-text-overlap,주요제품 데이터에서 '{keyword}'가 확인되고 관련 장비 1건이 있어 {functionName}과 매칭했습니다
고정장치,고정장치 관련 장비 검증,기계가공/시험장비,달리 분류되지 않는 기계가공/시험장비,0.670,1,1,1,1,btp_support_history.main_product,"기업 #2379#2379 | btp_support_history.main_product | 선박 파공방수패드, 원격 탈부착 사다리, 사다리 고정장치, 잔존유 배출장치, 화재 예방 제",청정환기 소재 및 부품 복합 시험설비#134 | 기계가공/시험장비 > 달리 분류되지 않는 기계가공/시험장비 > x @ 지사단지,direct-text-overlap,기업 제품군의 '{keyword}' 특성이 기계가공/시험장비 분류와 맞아 {functionName} 후보로 잡았습니다
교정,교정 관련 장비 검증,물리적측정장비,길이/위치/자세측정장비,0.670,1,1,1,1,btp_support_history.support_item,기업 #1786#1786 | btp_support_history.support_item | 보행 시 발 아치 능동적 교정 및 신체 압력 중심 이동 궤적 개선을 통한 고령자 맞춤형 발바닥 근육 강화 인솔 개발,무인비행장치 변위측정용 레이저 트래커#168 | 물리적측정장비 > 길이/위치/자세측정장비 > 길이측정장비 @ 지사단지,direct-text-overlap,지원 이력의 '{keyword}' 항목이 1개 BTP 거점 장비와 연결되어 {functionName} 수요로 해석했습니다
국부,국부 관련 장비 검증,기계가공/시험장비,재료물성시험장비,0.670,1,1,1,1,btp_support_history.support_item,기업 #1730#1730 | btp_support_history.support_item | 온실용 냉난방용 국부 공조제어시스템 R&D지원,온도챔버 일체형 피로인장시험기#299 | 기계가공/시험장비 > 재료물성시험장비 > 만능피로시험기 @ 미음단지,direct-text-overlap,기업 문구와 장비 정보 양쪽에 '{keyword}'가 직접 나타나고 장비 1건이 확인되어 {functionName}으로 연결했습니다
근육,근육 관련 장비 검증,데이터처리장비,장비소프트웨어,0.670,1,1,1,1,btp_support_history.support_item,기업 #1786#1786 | btp_support_history.support_item | 보행 시 발 아치 능동적 교정 및 신체 압력 중심 이동 궤적 개선을 통한 고령자 맞춤형 발바닥 근육 강화 인솔 개발,인체 근골격 시뮬레이션 측정시스템#438 | 데이터처리장비 > 장비소프트웨어 > 데이터처리장비기반소프트웨어 @ 녹산단지,direct-text-overlap,지원품목 데이터 1건에서 '{keyword}'가 반복되고 장비소프트웨어 분류 장비 1건과 맞물려 {functionName}으로 보았습니다
금형,금형 관련 장비 검증,물리적측정장비,길이/위치/자세측정장비,0.670,1,1,1,1,btp_support_history.support_item,기업 #616#616 | btp_support_history.support_item | 스테인리스강 이형형상 소재 제조를 위한 최적화 냉간가공 인발 금형 설계 및 시제품 제작,고정식 3차원측정기#152 | 물리적측정장비 > 길이/위치/자세측정장비 > 위치/자세측정장비 @ 지사단지,direct-text-overlap,{sourceField}에 적힌 '{keyword}'가 1개 기업 이력에서 확인되어 {functionName} 연결 근거가 됩니다
마그네틱,마그네틱 관련 장비 검증,기계가공/시험장비,성형/가공 장비,0.670,1,1,1,1,btp_support_history.main_product,기업 #1730#1730 | btp_support_history.main_product | 마그네틱 커플링,자동화 블라스팅장비(워터형)#90 | 기계가공/시험장비 > 성형/가공 장비 > 달리 분류되지 않는 성형/가공장비 @ 영도단지,direct-text-overlap,{sourceField}의 '{keyword}' 제품 표현이 1개 기업에서 확인되어 {functionName} 근거로 사용했습니다
발바닥,발바닥 관련 장비 검증,물리적측정장비,힘/토오크/압력/진공측정장비,0.670,1,1,1,1,btp_support_history.support_item,기업 #1786#1786 | btp_support_history.support_item | 보행 시 발 아치 능동적 교정 및 신체 압력 중심 이동 궤적 개선을 통한 고령자 맞춤형 발바닥 근육 강화 인솔 개발,압력분포 트레드밀#436 | 물리적측정장비 > 힘/토오크/압력/진공측정장비 > 달리 분류되지 않는 힘/토오크/압력/진공 측정장비 @ 녹산단지,direct-text-overlap,기업 문구와 장비 정보 양쪽에 '{keyword}'가 직접 나타나고 장비 1건이 확인되어 {functionName}으로 연결했습니다
안전을,안전을 관련 장비 검증,기계가공/시험장비,재료물성시험장비,0.670,1,1,1,1,btp_support_history.support_item,기업 #1878#1878 | btp_support_history.support_item | 근로자 안전을 위한 시스템 서포트 붕괴 위험 진단 센싱 환경 설계 및 실증,고저온만능시험기#150 | 기계가공/시험장비 > 재료물성시험장비 > 진동내구시험장비 @ 지사단지,direct-text-overlap,지원품목 데이터 1건에서 '{keyword}'가 반복되고 재료물성시험장비 분류 장비 1건과 맞물려 {functionName}으로 보았습니다
에너지,에너지 관련 장비 검증,광학/전자영상장비,현미경,0.670,1,1,1,1,btp_support_history.support_item,기업 #1786#1786 | btp_support_history.support_item | 압전 에너지 하베스팅을 적용한 에코 할룩스 매직 기능성 인솔 시제품 제작,고분해능 전계방출형 주사전자현미경 부대장비#358 | 광학/전자영상장비 > 현미경 > 주사전자현미경 @ 미음단지,direct-text-overlap,{sourceField}에 적힌 '{keyword}'가 1개 기업 이력에서 확인되어 {functionName} 연결 근거가 됩니다
영하,영하 관련 장비 검증,물리적측정장비,길이/위치/자세측정장비,0.670,1,1,1,1,btp_support_history.support_item,기업 #1730#1730 | btp_support_history.support_item | 영하 52℃ ARC7 ICE등급 및 IMO Polar Code를 만족하는 Mushroom Ventilator 사업화 지원,무인비행장치 변위측정용 레이저 트래커#168 | 물리적측정장비 > 길이/위치/자세측정장비 > 길이측정장비 @ 지사단지,direct-text-overlap,지원 이력의 '{keyword}' 항목이 1개 BTP 거점 장비와 연결되어 {functionName} 수요로 해석했습니다
운동,운동 관련 장비 검증,임상의료장비,임상측정/진단장비,0.670,1,1,1,1,btp_support_history.support_item,기업 #1786#1786 | btp_support_history.support_item | Dynamic Balance 데이터 및 할룩스 매직 인솔을 활용한 운동 APP 시제품 개발,근기능 증진 분석 시스템#154 | 임상의료장비 > 임상측정/진단장비 > 달리 분류되지 않는 임상측정/진단장비 @ 다대단지,direct-text-overlap,기업 문구와 장비 정보 양쪽에 '{keyword}'가 직접 나타나고 장비 1건이 확인되어 {functionName}으로 연결했습니다
유지보수,유지보수 관련 장비 검증,환경조성/생산/사육시설장비,환경조성형시설장비,0.670,1,1,1,1,company.main_product,기업 #1049#1049 | company.main_product | 관제장비 및 주변장치/소프트웨어개발 및 유지보수,일상생활 실증평가실#11 | 환경조성/생산/사육시설장비 > 환경조성형시설장비 > 사용환경모사시설장비 @ 다대단지,direct-text-overlap,주요제품 데이터에서 '{keyword}'가 확인되고 관련 장비 1건이 있어 {functionName}과 매칭했습니다
적용되는,적용되는 관련 장비 검증,기계가공/시험장비,재료물성시험장비,0.670,1,1,1,1,btp_support_history.support_item,기업 #2080#2080 | btp_support_history.support_item | 선박 HVAC에 적용되는 UV-C 살균장치,자외선 경화기#441 | 기계가공/시험장비 > 재료물성시험장비 > 자외선시험기 @ 지사단지,direct-text-overlap,{sourceField}에 적힌 '{keyword}'가 1개 기업 이력에서 확인되어 {functionName} 연결 근거가 됩니다
전문가,전문가 관련 장비 검증,임상의료장비,임상측정/진단장비,0.670,1,1,1,1,btp_support_history.support_item,기업 #2379#2379 | btp_support_history.support_item | 식생 걸림 최소화 구조의 고출력 무인선박 개발을 위한 최적화 구조 및 적층 방안 전문가 자문,인지 정보분석 시스템#194 | 임상의료장비 > 임상측정/진단장비 > 달리 분류되지 않는 임상측정/진단장비 @ 다대단지,direct-text-overlap,지원 이력의 '{keyword}' 항목이 1개 BTP 거점 장비와 연결되어 {functionName} 수요로 해석했습니다
품질,품질 관련 장비 검증,전기/전자장비,측정시험장비,0.670,1,1,1,1,btp_support_history.support_item,기업 #2379#2379 | btp_support_history.support_item | WPP(파공방수패드) 품질 개선,센서복합테스트장비(부대장비)#352 | 전기/전자장비 > 측정시험장비 > 다기능임피던스측정시험장비 @ 수안단지,direct-text-overlap,기업 문구와 장비 정보 양쪽에 '{keyword}'가 직접 나타나고 장비 1건이 확인되어 {functionName}으로 연결했습니다
