keyword,decision,revised_keyword,original_function_name,revised_function_name,equipment_category_large,equipment_category_middle,ai_confidence,miner_confidence,evidence_template,company_count,source_match_count,equipment_count,hub_count,source_fields,reason,evidence_summary,risk_note,diversity_tags,source_examples,equipment_examples
시제품,keep,,시제품 관련 장비 검증,,기계가공/시험장비,재료물성시험장비,0.92,0.920,"시제품 키워드는 6개 기업과 4개 거점에서, 재료물성시험장비 등 6개 장비와 직접 연관되어 확인되었습니다.",6,9,6,4,btp_support_history.support_item,"'시제품' 키워드는 6개 기업, 9개 출처 매치, 6개 장비, 4개 거점에서 일관되게 확인되어 신뢰도가 높고, 구체적 장비군과 잘 연결됨.","시제품 관련 구체적 장비와 기업, 출처가 다수 확인되어 산업기능 검증으로 적합함.",없음; 구체적 장비 범위내에서 사용되어 노이즈 우려 낮음.,"기업사용문구, 장비분류일치, 여러거점, 다양한장비",기업 #117#117 | btp_support_history.support_item | 고액분리기 고정밀 고강성 여과망 개발을 위한 트라이바 시제품 제작 || 기업 #616#616 | btp_support_history.support_item | 스테인리스강 이형형상 소재 제조를 위한 최적화 냉간가공 인발 금형 설계 및 시제품 제작 || 기업 #1730#1730 | btp_support_history.support_item | 수밀성(Water-tight)이 향상된 경량 해치 커버 시제품 개발 및 사업화 || 기업 #1786#1786 | btp_support_history.support_item | Dynamic Balance 데이터 및 할룩스 매직 인솔을 활용한 운동 APP 시제품 개발 || 기업 #1786#1786 | btp_support_history.support_item | 압전 에너지 하베스팅을 적용한 에코 할룩스 매직 기능성 인솔 시제품 제작,선용품 종합정보관리시스템(시제품 시작품 시험설비 제작)#248 | 데이터처리장비 > 하드웨어 > 서버 @ 영도단지 || 온도가속시험기#323 | 기계가공/시험장비 > 재료물성시험장비 > 열충격시험기 @ 지사단지 || 복합재료 프리폼 제조용 3D 브레이딩 시스템#361 | 기계가공/시험장비 > 섬유기계장비 > 직기 @ 미음단지 || 시제품 설계 소프트웨어#424 | 데이터처리장비 > 장비소프트웨어 > 달리 분류되지 않는 장비소프트웨어 @ 다대단지 || 자외선 경화기#441 | 기계가공/시험장비 > 재료물성시험장비 > 자외선시험기 @ 지사단지
AR,revise,증강현실(AR),AR 관련 장비 검증,데이터/실감형 콘텐츠 검증,데이터처리장비,,0.91,0.685,"AR 키워드는 4개 기업, 7개 거점 내 29종 데이터처리장비와 관련 표현에서 빈번히 확인되었습니다.",1,1,4,1,btp_support_history.support_item,"본래 'AR'은 너무 일반적 약어로 노이즈 위험 존재하므로, '증강현실(AR)'로 구체화해 분류 정확성 향상 제안.",'AR'은 많은 장비군과 출처에서 확인되나 약어로 인한 모호성 존재하여 구체적 용어 권고.,너무 포괄적인 약어로 다른 용어와 혼동될 위험 있음.,"장비다양성, 출처및거점다양성, 약어모호성",기업 #1049#1049 | btp_support_history.support_item | 전시장 및 주요 관광지 전망대용 증강현실(AR) 기반 망원경 기술사업화,퍼니스(RTP)#14 | 기계가공/시험장비 > 반도체장비 > 퍼니스 @ 장전단지 || 건식 식각기(Metal)#16 | 기계가공/시험장비 > 반도체장비 > 식각장비 @ 장전단지 || 스퍼터#161 | 기계가공/시험장비 > 반도체장비 > 스퍼터 @ 장전단지 || 건식식각기#204 | 기계가공/시험장비 > 반도체장비 > 식각장비 @ 장전단지
기자재,drop,,기자재 관련 장비 검증,,환경조성/생산/사육시설장비,환경조성형시설장비,0.79,0.790,"기자재 키워드는 3개 기업과 1개 거점 출현에 그치고, 장비도 환경조성형 1종에 한정되어 있습니다.",3,6,1,1,"btp_support_history.main_product, company.main_product, company_ntis_lead_project.project_name","일반적 용어로 확인된 기업과 장비 수가 적고, 구체적이지 않아 노이즈 가능성이 높아 제외 권고.",출현 빈도 및 장비 연관성 낮아 산업기능 분류로 부적합함.,모호하고 포괄적 용어로 부정확한 매칭 가능성 큼.,"낮은빈도, 장비제한, 한정거점","기업 #1049#1049 | company_ntis_lead_project.project_name | 해양수산산업 핵심 기자재 국산화 및 표준화 기술개발 || 기업 #1730#1730 | btp_support_history.main_product | 선박용 기자재 || 기업 #1730#1730 | btp_support_history.main_product | 해치커버, 댐퍼, L.A.V, 압력용기 외 선박용 기자재 || 기업 #1730#1730 | company.main_product | 해치커버, 댐퍼, L.A.V, 압력용기 외 선박용 기자재 || 기업 #2080#2080 | company_ntis_lead_project.project_name | 해양수산산업 핵심 기자재 국산화 및 표준화 기술개발",일상생활 실증평가실#11 | 환경조성/생산/사육시설장비 > 환경조성형시설장비 > 사용환경모사시설장비 @ 다대단지
압력,keep,,압력 관련 장비 검증,,물리적측정장비,힘/토오크/압력/진공측정장비,0.875,0.765,"압력 키워드는 3개 기업, 5개 출처, 5개 거점과 26개 관련 측정장비에서 반복 확인됩니다.",1,1,23,7,btp_support_history.support_item,"출현기업과 장비수, 거점 모두 충분하며 시험장비 카테고리와 명확 연계되어 유지 적합.",압력 관련 장비 및 제품 문구가 다수 확인되어 기능 활성화에 적합.,특정 산업군 내 주제에 맞아 노이즈 위험 낮음.,"출현다수, 장비다양성, 관련거점다양성",기업 #1786#1786 | btp_support_history.support_item | 보행 시 발 아치 능동적 교정 및 신체 압력 중심 이동 궤적 개선을 통한 고령자 맞춤형 발바닥 근육 강화 인솔 개발,퓨리에 변환 적외선 분광기#87 | 화합물전처리/분석장비 > 분광분석장비 > 푸리에변환적외선분광기 || 야외 활동 시험용 3차원 무선 모션캡쳐 시스템#110 | 물리적측정장비 > 길이/위치/자세측정장비 > 달리 분류되지 않는 길이/위치/자세측정장비 @ 녹산단지 || 필름형 압력 측정 장비#111 | 물리적측정장비 > 힘/토오크/압력/진공측정장비 > 달리 분류되지 않는 힘/토오크/압력/진공 측정장비 @ 다대단지 || 휴대용 지면반력 측정 장비#131 | 물리적측정장비 > 힘/토오크/압력/진공측정장비 > 달리 분류되지 않는 힘/토오크/압력/진공 측정장비 @ 다대단지 || 맨발 족저압력 및 보행분석 시스템#141 | 물리적측정장비 > 힘/토오크/압력/진공측정장비 > 달리 분류되지 않는 힘/토오크/압력/진공 측정장비 @ 녹산단지
소재,revise,소재부품,소재 관련 장비 검증,재료물성시험,기계가공/시험장비,재료물성시험장비,0.795,0.685,소재 관련 키워드는 3개 기업과 8개 거점에서 61개 재료물성시험장비와 광범위하게 연관됩니다.,1,1,4,3,btp_support_history.support_item,'소재'라는 단어가 너무 광범위해 '소재부품'으로 한정하여 세부 기능 분류를 구체화하는 게 적합.,많은 장비와 연계되나 범용어라 기능 특성을 명확히 하기 위해 수정 권고.,너무 넓은 개념으로 노이즈 발생 가능성 존재.,"장비다수, 거점다수, 범용어모호성",기업 #616#616 | btp_support_history.support_item | 스테인리스강 이형형상 소재 제조를 위한 최적화 냉간가공 인발 금형 설계 및 시제품 제작,듀얼 시선 추적장비#73 | 임상의료장비 > 임상측정/진단장비 > 달리 분류되지 않는 임상측정/진단장비 @ 엄궁단지 || 청정환기 소재 및 부품 복합 시험설비#134 | 기계가공/시험장비 > 달리 분류되지 않는 기계가공/시험장비 > x @ 지사단지 || 듀얼 시선 추적장비#330 | 임상의료장비 > 임상측정/진단장비 > 달리 분류되지 않는 임상측정/진단장비 @ 엄궁단지 || 만능재료 시험기#417 | 기계가공/시험장비 > 재료물성시험장비 > 만능시험기 @ 다대단지
선박,keep,,선박 관련 장비 검증,,물리적측정장비,길이/위치/자세측정장비,0.8,0.800,"선박 키워드는 2개 기업, 2개 거점에서 4개 장비 및 관련 제품 문구 9건에서 일관되게 확인됩니다.",2,9,4,2,"btp_support_history.main_product, btp_support_history.support_item, company.main_product","출현 기업 및 장비는 적지만 높은 연관성 유지되고, 선박 분야라고 명확히 분류됨.",업계와 거점에서 명확히 지원 및 장비와 매칭되어 보존 적합.,기업 수 적으나 특화된 분야로 노이즈 위험 낮음.,"특화분야, 출처적음, 장비연관성","기업 #2080#2080 | btp_support_history.main_product | 선박 내 사고방지 시스템 || 기업 #2080#2080 | btp_support_history.support_item | 선박 HVAC에 적용되는 UV-C 살균장치 || 기업 #2080#2080 | btp_support_history.support_item | 선박 전방위 감시 시스템 시제품 || 기업 #2379#2379 | btp_support_history.main_product | 선박 구성 부분품 || 기업 #2379#2379 | btp_support_history.main_product | 선박 파공방수패드, 원격 탈부착 사다리, 사다리 고정장치, 잔존유 배출장치, 화재 예방 제",고정식 3차원측정기#152 | 물리적측정장비 > 길이/위치/자세측정장비 > 위치/자세측정장비 @ 지사단지 || 이동식 3차원 위치 측정기#155 | 물리적측정장비 > 길이/위치/자세측정장비 > 길이측정장비 @ 지사단지 || 해양지원선 엔지니어링 가상시스템#311 | 기계가공/시험장비 > 자동화/이송 장비 > 위치제어장비 || 복합소재 발연성 및 유독가스 측정장비#374 | 기계가공/시험장비 > 달리 분류되지 않는 기계가공/시험장비 > 소분류 선택 @ 미음단지
압력용기,revise,선박용 압력용기,압력용기 관련 장비 검증,압력용기 관련 장비 검증,기계가공/시험장비,자동화/이송 장비,0.74,0.740,"압력용기는 2개 기업과 1개 거점에서, 선박 기자재와 연계된 자동화 이송 장비 2종과 관련 확인됩니다.",2,4,2,1,"btp_support_history.main_product, company.main_product","'압력용기' 범위가 다소 넓어, 선박용 기자재로 범위를 한정해 산업분류 정확도 향상 권장.",확인 기업 및 장비는 적으나 연관 분야 구체화 필요.,너무 광범위할 경우 다른 압력용기와 혼동 우려 있음.,"중간빈도, 특정용도불명확","기업 #672#672 | btp_support_history.main_product | 열교환기, 압력용기 || 기업 #672#672 | company.main_product | 열교환기, 압력용기 || 기업 #1730#1730 | btp_support_history.main_product | 해치커버, 댐퍼, L.A.V, 압력용기 외 선박용 기자재 || 기업 #1730#1730 | company.main_product | 해치커버, 댐퍼, L.A.V, 압력용기 외 선박용 기자재",산업용 드론 플랫폼 수중#201 | 기계가공/시험장비 > 자동화/이송 장비 > 달리 분류되지 않는 자동화/이송장비 @ 지사단지 || 산업용 드론 플랫폼 수중#331 | 기계가공/시험장비 > 자동화/이송 장비 > 달리 분류되지 않는 자동화/이송장비 @ 지사단지
인건비,drop,,인건비 관련 장비 검증,,환경조성/생산/사육시설장비,환경조성형시설장비,0.735,0.735,"인건비 키워드는 단 2개 기업과 1개 거점, 1종 환경조성형 시설장비에서 제한적으로만 발견됩니다.",2,4,1,1,btp_support_history.support_item,인건비는 비용 개념으로 장비 검증과 직접적 연관성이 적어 키워드로 적합하지 않음.,출현 빈도와 장비 연관 모두 낮아 활용 위험 존재.,산업기능 태깅 목적에 부적합한 비기술적 용어.,"낮은연관성, 비기술용어",기업 #695#695 | btp_support_history.support_item | 인건비 및 인센티브 지원 || 기업 #695#695 | btp_support_history.support_item | 인건비 지원 || 기업 #1730#1730 | btp_support_history.support_item | 채용인력 인건비 지원,일상생활 실증평가실#11 | 환경조성/생산/사육시설장비 > 환경조성형시설장비 > 사용환경모사시설장비 @ 다대단지
기술개발,drop,,기술개발 관련 장비 검증,,환경조성/생산/사육시설장비,환경조성형시설장비,0.725,0.725,기술개발 키워드는 2개 기업과 1개 거점에서 확인되나 장비 연계가 미약해 범용적 표현으로 분류 기능 약합니다.,2,3,1,1,company_ntis_lead_project.project_name,너무 광범위하며 주로 프로젝트명에만 쓰여 인프라 검증 키워드로 부적합.,출현양은 있으나 장비와 직접 연관 적음 미흡.,과도한 포괄성으로 분류 정확도 저하 우려.,"범용어, 출처제한적",기업 #1049#1049 | company_ntis_lead_project.project_name | 해양수산산업 핵심 기자재 국산화 및 표준화 기술개발 || 기업 #2080#2080 | company_ntis_lead_project.project_name | 해양수산산업 핵심 기자재 국산화 및 표준화 기술개발 || 기업 #2080#2080 | company_ntis_lead_project.project_name | 해양수산산업 핵심 기자재 국산화 및 표준화 기술개발(R&D),부산 해양신산업 오픈플랫폼 청정작업실#348 | 환경조성/생산/사육시설장비 > 환경조성형시설장비 > 항온/항습시설장비 @ 영도단지
표준화,drop,,표준화 관련 장비 검증,,임상의료장비,전문의학용특수장비,0.725,0.725,표준화 키워드는 2개 기업과 1개 장비 거점에서 의료 관련 특수장비 1종으로 한정되어 있습니다.,2,3,1,1,company_ntis_lead_project.project_name,"주로 프로젝트명에 사용되며, 장비 범위가 매우 제한적이고 산업기능 태그로는 광범위해 제외 권고.",장비적용 범위 및 기업수 미흡하여 일반적 표현에 그침.,모호하고 태그 기능으로 부적합할 위험 존재.,"의료장비제한, 출현빈도낮음",기업 #1049#1049 | company_ntis_lead_project.project_name | 해양수산산업 핵심 기자재 국산화 및 표준화 기술개발 || 기업 #2080#2080 | company_ntis_lead_project.project_name | 해양수산산업 핵심 기자재 국산화 및 표준화 기술개발 || 기업 #2080#2080 | company_ntis_lead_project.project_name | 해양수산산업 핵심 기자재 국산화 및 표준화 기술개발(R&D),균형 측정 평가 장비#160 | 임상의료장비 > 전문의학용특수장비 > 재활치료용검사장비 @ 다대단지
핵심,keep,,핵심 관련 장비 검증,핵심 관련 장비 검증,기계가공/시험장비,반도체장비,0.725,0.725,"{sourceField}에서 {keyword} 관련 프로젝트명이 3회 등장하고, 반도체 장비인 프로브스테이션이 관련 데이터에 1대 배치되어 있습니다.",2,3,1,1,company_ntis_lead_project.project_name,"기업 2곳에서 핵심 관련 프로젝트명이 3회 확인되고, 반도체장비 프로브가 장비 예시와 겹쳐 신뢰도 높음.","핵심 키워드는 반도체 장비 프로브와 연관되어 기계가공/시험장비로서 적합하며, 2개 기업과 1개 거점에서 확인됨.","'핵심' 용어가 매우 포괄적이므로, 장비 분류와 기업 매칭이 확실한 경우에만 유지해야 함.","기업문서연계, 장비분류적합, 거점소수",기업 #1049#1049 | company_ntis_lead_project.project_name | 해양수산산업 핵심 기자재 국산화 및 표준화 기술개발 || 기업 #2080#2080 | company_ntis_lead_project.project_name | 해양수산산업 핵심 기자재 국산화 및 표준화 기술개발 || 기업 #2080#2080 | company_ntis_lead_project.project_name | 해양수산산업 핵심 기자재 국산화 및 표준화 기술개발(R&D),프로브#63 | 기계가공/시험장비 > 반도체장비 > 프로브스테이션 @ 장전단지
가스,keep,,성분/분석시험,성분/분석시험,화합물전처리/분석장비,,0.81,0.810,"{sourceField} 필드에서 가스 관련 지원 항목이 2건 발견되며, 5개 거점에 36종 화합물전처리·분석장비가 배치되어 활용 중입니다.",2,2,36,5,btp_support_history.support_item,2개 기업의 지원항목과 5개 거점의 다수 분석장비 연관성이 뚜렷하여 정확한 매칭으로 판단됨.,가스 관련 시험·분석장비가 풍부한 5개 거점에서 36종 장비와 2개 기업 지원 사례와 매칭됨.,"가스 키워드는 광범위하나, 분석장비 분류와 다수 장비 존재가 실질적 연관성 강함.","지원이력분석, 장비분포다양, 거점멀티",기업 #616#616 | btp_support_history.support_item | 전시회 참가(서울국제가스&수소산업전) || 기업 #1178#1178 | btp_support_history.support_item | 수소가스 생산설비용 자동제어 버터플라이 밸브,20리터회전식감압농축기#2 | 화합물전처리/분석장비 > 분리정제장비 > 증류/농축기 @ 일광단지 || 미세먼지 간이측정기 반복재현성 평가 장비#5 | 화합물전처리/분석장비 > 입자분석장비 > 입도분석기 @ 지사단지 || 스파크발광분석기#12 | 화합물전처리/분석장비 > 분광분석장비 > 스파크/아크원자방출분광기 @ 지사단지 || 분광광도계#40 | 화합물전처리/분석장비 > 분광분석장비 > 자외/가시광분광광도계 @ 일광단지 || 필터프레스(800*800)#59 | 화합물전처리/분석장비 > 분리정제장비 > 여과기 @ 일광단지
분석,revise,성분 분석,성분/분석시험,성분/분석시험,화합물전처리/분석장비,,0.81,0.810,"{sourceField}에서 '분석' 관련 지원 항목이 2건 확인되고, 5개 거점에 36종 화합물 분석 장비가 분포해 있습니다.",2,2,36,5,btp_support_history.support_item,'분석' 키워드가 매우 포괄적이어서 '성분 분석'으로 구체화하면 장비 매칭 정확도 향상 가능.,지원항목 및 장비가 화합물전처리/분석장비 범위 안에서 매칭되나 키워드 범위가 넓어 조정 필요.,'분석' 단독 키워드는 노이즈 유발 가능성 있어 조정 권장.,"지원이력기반, 장비분류일치, 키워드정제","기업 #117#117 | btp_support_history.support_item | 베트남Entech, 마케팅조사분석 || 기업 #616#616 | btp_support_history.support_item | 베트남Entech, 마케팅조사분석",20리터회전식감압농축기#2 | 화합물전처리/분석장비 > 분리정제장비 > 증류/농축기 @ 일광단지 || 미세먼지 간이측정기 반복재현성 평가 장비#5 | 화합물전처리/분석장비 > 입자분석장비 > 입도분석기 @ 지사단지 || 스파크발광분석기#12 | 화합물전처리/분석장비 > 분광분석장비 > 스파크/아크원자방출분광기 @ 지사단지 || 분광광도계#40 | 화합물전처리/분석장비 > 분광분석장비 > 자외/가시광분광광도계 @ 일광단지 || 필터프레스(800*800)#59 | 화합물전처리/분석장비 > 분리정제장비 > 여과기 @ 일광단지
의료기기,keep,,의료기기 관련 장비 검증,의료기기 사용성/성능평가,임상의료장비,,0.81,0.715,"{sourceField}에서 의료기기 관련 제품명이 2회 나와, 3개 거점에 24종 임상의료장비가 연계되어 있습니다.",2,2,1,1,btp_support_history.main_product,"2개 기업에서 의료기기 제품 확인되며, 임상의료장비가 다양한 거점에 고루 분포해 있어 신뢰도 높음.",의료기기 키워드는 임상의료장비 범주 내에서 광범위하지 않고 적절히 매칭되고 있음.,키워드가 산업적으로 통상적이므로 장비 범위 안에서 유지 권장.,"제품연관, 장비다양성, 거점분배","기업 #695#695 | btp_support_history.main_product | 완제 의약품 제조업, 치과용기기, 정형외과용기기, 의료용기, 의료용구, 의료용재료, 의료기기 || 기업 #1786#1786 | btp_support_history.main_product | 의료기기",의료기기 사용적합성 평가실#15 | 임상의료장비 > 임상진단영상장비 > 달리 분류되지 않는 임상진단영상장비 @ 다대단지
저온,keep,,환경시험,환경시험,기계가공/시험장비,열유체장비,0.785,0.785,"{sourceField}에서 저온 관련 제품과 항목이 2건 확인되며, 열유체 장비 15대가 7개 거점에 분포 중입니다.",2,2,15,7,"btp_support_history.main_product, btp_support_history.support_item","저온 관련 내용이 2개 기업에서 중복 확인되고, 열유체 시험장비가 다수 거점에 분포되어 연계성 명확함.","저온 키워드는 환경시험 중 열유체장비와 밀접하며, 장비 및 거점 다수로 신뢰도 높음.",키워드는 비교적 구체적이나 환경시험 내 다른 세부분야와 혼동 주의.,"주요거점광범위, 장비분포확대, 제품연계",기업 #672#672 | btp_support_history.main_product | 저온고압에너지저장공급시스템 || 기업 #1178#1178 | btp_support_history.support_item | 초저온(LNG)용 고차압 제어밸브 시제춤 제작65,항온항습시험기#50 | 기계가공/시험장비 > 열유체장비 > 항온/항습기 @ 지사단지 || 항온항습 시험장비#53 | 기계가공/시험장비 > 열유체장비 > 항온/항습기 @ 생곡단지 || 전열교환기 인증 시험실#57 | 기계가공/시험장비 > 열유체장비 > 열교환기 @ 지사단지 || 환기용 공기청정기 성능평가 시스템#72 | 기계가공/시험장비 > 열유체장비 > 유체정화기 @ 지사단지 || 증기 가압 시험기#89 | 기계가공/시험장비 > 열유체장비 > 압력장비 @ 장전단지
설계,revise,설계 관련,설계 관련 장비 검증,설계 관련 장비 검증,데이터처리장비,장비소프트웨어,0.75,0.750,{sourceField} 내 설계 관련 보조 항목 2건과 장비소프트웨어 8종이 5개 거점에서 근접 배치되어 있습니다.,2,2,8,5,btp_support_history.support_item,'설계' 키워드가 너무 광범위하므로 '설계 관련' 등으로 다소 범위를 명확히 조정 권장.,설계 키워드는 데이터처리·장비소프트웨어와 결합되어 5개 거점에 장비 분포 관찰됨.,너무 넓은 단어는 노이즈 증가 가능성 있으니 범위 조정 필요.,"데이터처리중심, 소프트웨어연계, 거점중복",기업 #616#616 | btp_support_history.support_item | 스테인리스강 이형형상 소재 제조를 위한 최적화 냉간가공 인발 금형 설계 및 시제품 제작 || 기업 #1878#1878 | btp_support_history.support_item | 근로자 안전을 위한 시스템 서포트 붕괴 위험 진단 센싱 환경 설계 및 실증,사출성형해석프로그램#94 | 데이터처리장비 > 장비소프트웨어 > 계측/분석소프트웨어 @ 지사단지 || AI 데이터 처리시스템 구축#146 | 데이터처리장비 > 하드웨어 > 달리 분류되지 않는 하드웨어 || 해양플랜트 동적위치제어(DP3) 엔지니어링 가상시스템#263 | 기계가공/시험장비 > 자동화/이송 장비 > 위치제어장비 || 복합재료 프리폼 제조용 3D 브레이딩 시스템#361 | 기계가공/시험장비 > 섬유기계장비 > 직기 @ 미음단지 || 시뮬레이터#377 | 데이터처리장비 > 장비소프트웨어 > 연구장비기반소프트웨어 @ 장안단지
추가,drop,,추가 관련 장비 검증,,,,0.735,0.735,,2,2,5,3,btp_support_history.support_item,"'추가'는 매우 일반적인 단어로서, 지원 항목 내에서는 중복과 노이즈가 심해 명확한 장비 매칭이 어려움.","중복 지원항목과 일부 자동화/이송 장비 연결만 존재하지만, 키워드 범위가 넓어 실효성 낮음.","범용 단어 사용으로 데이터 품질 저하 우려, 삭제를 권장.","중복키워드, 노이즈위험, 범위과대",기업 #1178#1178 | btp_support_history.support_item | 스마트공장 구축비 시비 추가 지원 || 기업 #2080#2080 | btp_support_history.support_item | 스마트공장 구축비 시비 추가 지원,고저온만능시험기#150 | 기계가공/시험장비 > 재료물성시험장비 > 진동내구시험장비 @ 지사단지 || 420kW 모터 다이나모 시스템#169 | 물리적측정장비 > 힘/토오크/압력/진공측정장비 > 동력계 @ 생곡단지 || 산업용 드론 플랫폼 수중#201 | 기계가공/시험장비 > 자동화/이송 장비 > 달리 분류되지 않는 자동화/이송장비 @ 지사단지 || 산업용 드론 플랫폼 수중#331 | 기계가공/시험장비 > 자동화/이송 장비 > 달리 분류되지 않는 자동화/이송장비 @ 지사단지 || 인체 근골격 시뮬레이션 측정시스템#438 | 데이터처리장비 > 장비소프트웨어 > 데이터처리장비기반소프트웨어 @ 녹산단지
일반,drop,,일반 관련 장비 검증,,,,0.72,0.720,,2,2,2,2,company_ntis_lead_project.project_name,'일반'은 너무 광범위하고 유의미한 기술 특성 파악이 어려워 장비 매칭 관점에서 불필요함.,프로젝트 명에 일부 존재하지만 장비 및 분야 특성 반영이 부족해 유의미한 연결점 미약.,키워드 범위가 커서 검색시 노이즈가 많이 생길 가능성 높음.,"범용어, 노이즈발생, 의미저하","기업 #616#616 | company_ntis_lead_project.project_name | 창업성장기술개발(일반,R&D) || 기업 #672#672 | company_ntis_lead_project.project_name | 중소기업기술혁신개발(일반,R&D)",전기차 파워트레인 다이나모 시스템#115 | 물리적측정장비 > 힘/토오크/압력/진공측정장비 > 동력계 @ 생곡단지 || 정립형광현미경#216 | 광학/전자영상장비 > 현미경 > 광학현미경 @ 장림단지
최적화,revise,최적화 설계,최적화 관련 장비 검증,최적화 관련 장비 검증,데이터처리장비,장비소프트웨어,0.72,0.720,"{sourceField}에 나타난 최적화 관련 지원 내용 2건과, 장비소프트웨어 2종이 2개 거점에서 매칭됩니다.",2,2,2,2,btp_support_history.support_item,단일 '최적화'는 너무 포괄적이기에 설계 관련도로 구체화하면 장비 매칭 정확성 증가 가능.,최적화 키워드는 데이터처리·소프트웨어 장비와의 연결이 있으나 세부 정의 필요성 큼.,과도한 광의 키워드는 장비와의 직접 연관성 희석 위험 있음.,"데이터처리중심, 지원매칭, 키워드세분화",기업 #616#616 | btp_support_history.support_item | 스테인리스강 이형형상 소재 제조를 위한 최적화 냉간가공 인발 금형 설계 및 시제품 제작 || 기업 #2379#2379 | btp_support_history.support_item | 식생 걸림 최소화 구조의 고출력 무인선박 개발을 위한 최적화 구조 및 적층 방안 전문가 자문,사출성형해석프로그램#94 | 데이터처리장비 > 장비소프트웨어 > 계측/분석소프트웨어 @ 지사단지 || 시뮬레이터#377 | 데이터처리장비 > 장비소프트웨어 > 연구장비기반소프트웨어 @ 장안단지
의료기기,revise,의료기기(임상진단영상),의료기기 관련 장비 검증,의료기기 관련 장비 검증,임상의료장비,임상진단영상장비,0.715,0.715,{sourceField}에서 의료기기 제품명 2건과 임상진단영상장비 1대가 관련 데이터 거점에서 확인되었습니다.,2,2,1,1,btp_support_history.main_product,의료기기 키워드 중 임상진단영상장비로 세분화하여 구체적 장비 매칭 반영 필요.,의료기기 키워드는 임상의료장비 내 임상진단영상장비와 실질적 매칭 사례 존재.,키워드 세분화 없이는 노이즈 및 범용성 과다 문제가 발생 가능.,"의료장비세분화, 임상진단, 거점연계","기업 #695#695 | btp_support_history.main_product | 완제 의약품 제조업, 치과용기기, 정형외과용기기, 의료용기, 의료용구, 의료용재료, 의료기기 || 기업 #1786#1786 | btp_support_history.main_product | 의료기기",의료기기 사용적합성 평가실#15 | 임상의료장비 > 임상진단영상장비 > 달리 분류되지 않는 임상진단영상장비 @ 다대단지
활용한,drop,,활용한 관련 장비 검증,,,,0.715,0.715,"'활용한' 키워드는 2개 기업의 2건 소스에서 확인되나, 장비 분류가 모호하여 범용성이 낮습니다.",2,2,1,0,btp_support_history.support_item,일반 동사 표현으로서 맥락이 다양해 불필요한 노이즈 생성 가능성이 높음,소스 예시와 장비가 특정하기 어려워 키워드로 적합하지 않음,너무 포괄적인 키워드는 부정확한 매칭 위험을 증가시킴,"일반용어, 모호성",기업 #1786#1786 | btp_support_history.support_item | Dynamic Balance 데이터 및 할룩스 매직 인솔을 활용한 운동 APP 시제품 개발 || 기업 #2379#2379 | btp_support_history.support_item | 스마트 밴드를 활용한 ICT 융복합 선박 승선원 안전관리시스템 기술,5G기반 드론 통합 관제 시스템#88 | 데이터처리장비 > 하드웨어 > 달리 분류되지 않는 하드웨어
인솔,revise,기능성 인솔,인솔 관련 장비 검증,의료기기 사용성/성능평가,임상의료장비,,0.775,0.750,"'기능성 인솔'은 1개 기업, 9건 소스, 24개 임상의료장비와 3개 거점에서 일치하는 의료기기 평가 대상입니다.",1,7,5,1,"btp_support_history.main_product, btp_support_history.support_item","'인솔' 단어는 너무 광범위하므로, 의료기기로 한정된 '기능성 인솔'으로 구체화함","주요 기업과 상당 수 의료기기 장비, 다수 소스 필드에서 직접 언급됨",과도한 범용 키워드는 노이즈를 부를 수 있어 명확한 개념 필요한 경우 수정 권장,"의료기기, 보건, 임상장비","기업 #1786#1786 | btp_support_history.main_product | 기능성 인솔 || 기업 #1786#1786 | btp_support_history.main_product | 기능성 인솔(깔창) || 기업 #1786#1786 | btp_support_history.main_product | 기능성 인솔, 균형능력 측정장비 || 기업 #1786#1786 | btp_support_history.main_product | 할룩스 매직 인솔 || 기업 #1786#1786 | btp_support_history.support_item | 기능성 인솔",맨발 족저압력 및 보행분석 시스템#141 | 물리적측정장비 > 힘/토오크/압력/진공측정장비 > 달리 분류되지 않는 힘/토오크/압력/진공 측정장비 @ 녹산단지 || 인솔타입 족저압력 측정 시스템#200 | 물리적측정장비 > 힘/토오크/압력/진공측정장비 > 중력/압력/진공측정장비 @ 녹산단지 || 맨발 족저압력 및 보행분석 시스템#232 | 물리적측정장비 > 힘/토오크/압력/진공측정장비 > 달리 분류되지 않는 힘/토오크/압력/진공 측정장비 @ 녹산단지 || 맞춤인솔분석기#428 | 기계가공/시험장비 > 성형/가공 장비 > 달리 분류되지 않는 성형/가공장비 @ 녹산단지 || 무선지면반력 측정 인솔#437 | 물리적측정장비 > 힘/토오크/압력/진공측정장비 > 달리 분류되지 않는 힘/토오크/압력/진공 측정장비 @ 녹산단지
밸브,keep,,밸브 관련 장비 검증,압력/유체특성시험,물리적측정장비,힘/토오크/압력/진공측정장비,0.755,0.705,"'밸브'는 1개 기업과 7건 소스, 26개의 물리적측정장비, 5개 거점에서 압력·유체특성 시험과 관련해 활용됩니다.",1,4,2,1,"btp_support_history.main_product, btp_support_history.support_item",특정기업이 명확한 제품명과 관련장비로 연결되어 일관성 있는 카테고리를 가짐,다양한 소스 필드에서 제품명이 직접 일치하며 장비수와 거점수도 다수임,기본장비 분류와 적합성 확인이 되었으므로 유지함,"산업장비, 유체역학, 압력시험","기업 #1178#1178 | btp_support_history.main_product | 버터플라이 밸브 || 기업 #1178#1178 | btp_support_history.main_product | 버터플라이 밸브, 듀얼체크밸브, 체크밸브, 수문밸브 || 기업 #1178#1178 | btp_support_history.support_item | 메탄올 연료장치 시스템용 메탄올 밸브 제작 || 기업 #1178#1178 | btp_support_history.support_item | 수소가스 생산설비용 자동제어 버터플라이 밸브",미세먼지 마스크 성능평가 시험 시스템#336 | 화합물전처리/분석장비 > 입자분석장비 > 달리 분류되지 않는 입자분석장비 @ 지사단지 || 가스 밸브 유동 시험장비#379 | 물리적측정장비 > 유체특성측정장비 > 유량계/수량계 @ 지사단지
기능성,drop,,기능성 관련 장비 검증,,,,0.76,0.760,"'기능성' 키워드는 1개 기업이 7건에서 언급하나, 범용성으로 인해 구체적 장비 매칭이 어렵습니다.",1,7,7,2,"btp_support_history.main_product, btp_support_history.support_item",너무 광범위한 용어라 여러 분류에서 사용되어 혼란 가중 가능성 큼,특정 기능보다 보편적 특성 용어에 그침,넓은 범위가 노이즈 발생 소지가 있음,"일반용어, 모호성","기업 #1786#1786 | btp_support_history.main_product | 기능성 깔창 || 기업 #1786#1786 | btp_support_history.main_product | 기능성 깔창, 균형 능력 측정 장비 || 기업 #1786#1786 | btp_support_history.main_product | 기능성 인솔 || 기업 #1786#1786 | btp_support_history.main_product | 기능성 인솔(깔창) || 기업 #1786#1786 | btp_support_history.main_product | 기능성 인솔, 균형능력 측정장비",의료기기 사용적합성 평가실#15 | 임상의료장비 > 임상진단영상장비 > 달리 분류되지 않는 임상진단영상장비 @ 다대단지 || 주로형 지면반발력 측정용 시스템#282 | 임상의료장비 > 전문의학용특수장비 > 달리 분류되지 않는 전문의학용특수장비 @ 녹산단지 || 운동부하측정용 지면반력측정 시스템#433 | 물리적측정장비 > 힘/토오크/압력/진공측정장비 > 달리 분류되지 않는 힘/토오크/압력/진공 측정장비 @ 녹산단지 || 최대 견인력측정 시스템#434 | 물리적측정장비 > 힘/토오크/압력/진공측정장비 > 달리 분류되지 않는 힘/토오크/압력/진공 측정장비 @ 녹산단지 || 미끄럼 경사로 시스템#435 | 물리적측정장비 > 길이/위치/자세측정장비 > 달리 분류되지 않는 길이/위치/자세측정장비 @ 녹산단지
인솔,keep,,인솔 관련 장비 검증,인솔 관련 장비 검증,물리적측정장비,힘/토오크/압력/진공측정장비,0.75,0.750,"'인솔' 키워드는 1개 기업과 7건 소스, 5대 힘·압력측정 장비, 1개 거점에서 물리적측정장비로 검증됩니다.",1,7,5,1,"btp_support_history.main_product, btp_support_history.support_item",기능성 인솔과 구분해 물리적 측정장비 관련으로 별도 기능 부여 적절,"장비분류와 기업, 소스 매칭이 객관적으로 확인됨",관련 장비군으로 성격 차이 드러나 유지 권장,"물리측정, 압력측정, 피트니스장비","기업 #1786#1786 | btp_support_history.main_product | 기능성 인솔 || 기업 #1786#1786 | btp_support_history.main_product | 기능성 인솔(깔창) || 기업 #1786#1786 | btp_support_history.main_product | 기능성 인솔, 균형능력 측정장비 || 기업 #1786#1786 | btp_support_history.main_product | 할룩스 매직 인솔 || 기업 #1786#1786 | btp_support_history.support_item | 기능성 인솔",맨발 족저압력 및 보행분석 시스템#141 | 물리적측정장비 > 힘/토오크/압력/진공측정장비 > 달리 분류되지 않는 힘/토오크/압력/진공 측정장비 @ 녹산단지 || 인솔타입 족저압력 측정 시스템#200 | 물리적측정장비 > 힘/토오크/압력/진공측정장비 > 중력/압력/진공측정장비 @ 녹산단지 || 맨발 족저압력 및 보행분석 시스템#232 | 물리적측정장비 > 힘/토오크/압력/진공측정장비 > 달리 분류되지 않는 힘/토오크/압력/진공 측정장비 @ 녹산단지 || 맞춤인솔분석기#428 | 기계가공/시험장비 > 성형/가공 장비 > 달리 분류되지 않는 성형/가공장비 @ 녹산단지 || 무선지면반력 측정 인솔#437 | 물리적측정장비 > 힘/토오크/압력/진공측정장비 > 달리 분류되지 않는 힘/토오크/압력/진공 측정장비 @ 녹산단지
측정,drop,,측정 관련 장비 검증,,,,0.805,0.765,"'측정' 키워드는 1개 기업과 5건 소스, 대량 48개 장비와 11개 거점에 걸쳐 광범위하게 분포하지만 너무 광범위합니다.",1,1,112,11,btp_support_history.main_product,분석시 노이즈가 매우 많아 구체화 없이는 부적합,다양한 장비와 광범위 소스 활용이지만 개념이 너무 넓음,범용 키워드는 검색 정확도 저하 위험,"광범위, 측정기술, 일반용어","기업 #1786#1786 | btp_support_history.main_product | 기능성 깔창, 균형 능력 측정 장비",미세먼지 간이측정기 반복재현성 평가 장비#5 | 화합물전처리/분석장비 > 입자분석장비 > 입도분석기 @ 지사단지 || 완제품 및 인체영향 성능평가 시험환경#10 | 환경조성/생산/사육시설장비 > 환경조성형시설장비 > 사용환경모사시설장비 @ 녹산단지 || 동적 특성기#19 | 전기/전자장비 > 측정시험장비 > 전압/전류/전력측정시험장비 @ 지사단지 || 주행차량 전자파 내성 측정 시스템#22 | 전기/전자장비 > 측정시험장비 > 전자파측정시험장비 @ 지사단지 || 휴대용 운동생리학적 신발 칼로리분석 시스템#25 | 임상의료장비 > 임상측정/진단장비 > 호흡기측정/진단장비 @ 녹산단지
깔창,keep,,의료기기 사용성/성능평가,의료기기 사용성/성능평가,임상의료장비,,0.725,0.725,"'깔창' 관련 제품은 1개 기업, 4건 소스, 24개 임상의료장비, 3개 거점에서 의료기기로써 활용됩니다.",1,4,24,3,btp_support_history.main_product,명확한 의료기기 카테고리와 기업 산출물이 일치해 의미 명확,"제품과 장비, 소스 간 일치도가 높음",의료기기 관련 용어로 적합하게 유지 권장,"의료기기, 인체용품, 임상평가","기업 #1786#1786 | btp_support_history.main_product | 기능성 깔창 || 기업 #1786#1786 | btp_support_history.main_product | 기능성 깔창, 균형 능력 측정 장비 || 기업 #1786#1786 | btp_support_history.main_product | 기능성 인솔(깔창) || 기업 #1786#1786 | btp_support_history.main_product | 기능성깔창, 균형능력측정",의료기기 사용적합성 평가실#15 | 임상의료장비 > 임상진단영상장비 > 달리 분류되지 않는 임상진단영상장비 @ 다대단지 || 휴대용 운동생리학적 신발 칼로리분석 시스템#25 | 임상의료장비 > 임상측정/진단장비 > 호흡기측정/진단장비 @ 녹산단지 || 인지 자극 측정 시스템#64 | 임상의료장비 > 임상측정/진단장비 > 달리 분류되지 않는 임상측정/진단장비 @ 엄궁단지 || 듀얼 시선 추적장비#73 | 임상의료장비 > 임상측정/진단장비 > 달리 분류되지 않는 임상측정/진단장비 @ 엄궁단지 || 이동형 모니터링 분석 시스템#97 | 임상의료장비 > 전문의학용특수장비 > 달리 분류되지 않는 전문의학용특수장비
치과,keep,,의료기기 사용성/성능평가,의료기기 사용성/성능평가,임상의료장비,,0.725,0.725,"'치과' 관련 제품은 1개 기업과 4건 소스, 24개 임상의료장비, 3개 거점에서 의료기기 카테고리로 확인됩니다.",1,4,24,3,btp_support_history.main_product,산업 내 전문 영역 명칭으로 특정 기업과 장비와 연결됨,제품군과 임상의료기기 장비 일치,"범용어 아님, 특정 산업군 용어로 유용함","의료기기, 치과용품, 전문장비","기업 #695#695 | btp_support_history.main_product | 완제 의약품 제조업, 치과용기기, 정형외과용기기, 의료용기, 의료용구, 의료용재료, 의료기기 || 기업 #695#695 | btp_support_history.main_product | 치과용 기기 || 기업 #695#695 | btp_support_history.main_product | 치과용 기기",의료기기 사용적합성 평가실#15 | 임상의료장비 > 임상진단영상장비 > 달리 분류되지 않는 임상진단영상장비 @ 다대단지 || 휴대용 운동생리학적 신발 칼로리분석 시스템#25 | 임상의료장비 > 임상측정/진단장비 > 호흡기측정/진단장비 @ 녹산단지 || 인지 자극 측정 시스템#64 | 임상의료장비 > 임상측정/진단장비 > 달리 분류되지 않는 임상측정/진단장비 @ 엄궁단지 || 듀얼 시선 추적장비#73 | 임상의료장비 > 임상측정/진단장비 > 달리 분류되지 않는 임상측정/진단장비 @ 엄궁단지 || 이동형 모니터링 분석 시스템#97 | 임상의료장비 > 전문의학용특수장비 > 달리 분류되지 않는 전문의학용특수장비
밸브,revise,밸브 유체시험장비,밸브 관련 장비 검증,밸브 관련 장비 검증,화합물전처리/분석장비,입자분석장비,0.705,0.705,'밸브 유체시험장비'는 1개 기업 4건 소스와 2개 입자분석장비에서 화합물 및 유체특성 평가용으로 사용됩니다.,1,4,2,1,"btp_support_history.main_product, btp_support_history.support_item","밸브는 이미 다른 분류에 있으므로, 입자분석과 연계된 특수장비로 구체화 필요",장비 개수가 적으나 명확한 장비분류에서 확인됨,중복 키워드 혼동 최소화 위해 명확화 권장,"화학분석, 입자분석, 전처리장비","기업 #1178#1178 | btp_support_history.main_product | 버터플라이 밸브 || 기업 #1178#1178 | btp_support_history.main_product | 버터플라이 밸브, 듀얼체크밸브, 체크밸브, 수문밸브 || 기업 #1178#1178 | btp_support_history.support_item | 메탄올 연료장치 시스템용 메탄올 밸브 제작 || 기업 #1178#1178 | btp_support_history.support_item | 수소가스 생산설비용 자동제어 버터플라이 밸브",미세먼지 마스크 성능평가 시험 시스템#336 | 화합물전처리/분석장비 > 입자분석장비 > 달리 분류되지 않는 입자분석장비 @ 지사단지 || 가스 밸브 유동 시험장비#379 | 물리적측정장비 > 유체특성측정장비 > 유량계/수량계 @ 지사단지
골이식재,keep,,의료기기 사용성/성능평가,의료기기 사용성/성능평가,임상의료장비,,0.715,0.715,'골이식재'는 1개 기업과 3건 소스에서 임상의료장비 24대로 관련 의료기기 평가에 활용됩니다.,1,3,24,3,"btp_support_history.main_product, company.main_product",특정 의료기기 제품군과 연계되어 의미와 분류 명확함,"관련 기업과 장비, 소스 필드가 전문적으로 매칭됨",임상 의료분야 전문용어로 유지가 적합,"임상의료, 재료, 의료기기","기업 #695#695 | btp_support_history.main_product | 골이식재 || 기업 #695#695 | btp_support_history.main_product | 골이식재, 멤브레인 || 기업 #695#695 | company.main_product | 골이식재_덴탈",의료기기 사용적합성 평가실#15 | 임상의료장비 > 임상진단영상장비 > 달리 분류되지 않는 임상진단영상장비 @ 다대단지 || 휴대용 운동생리학적 신발 칼로리분석 시스템#25 | 임상의료장비 > 임상측정/진단장비 > 호흡기측정/진단장비 @ 녹산단지 || 인지 자극 측정 시스템#64 | 임상의료장비 > 임상측정/진단장비 > 달리 분류되지 않는 임상측정/진단장비 @ 엄궁단지 || 듀얼 시선 추적장비#73 | 임상의료장비 > 임상측정/진단장비 > 달리 분류되지 않는 임상측정/진단장비 @ 엄궁단지 || 이동형 모니터링 분석 시스템#97 | 임상의료장비 > 전문의학용특수장비 > 달리 분류되지 않는 전문의학용특수장비
신발,revise,신발 관련 의료기기,신발 관련 장비 검증,의료기기 사용성/성능평가,임상의료장비,,0.785,0.770,"기업/지원 데이터에서 신발 관련 의료기기 언급이 1개 기업과 3건 출현하며, 임상의료장비 24종 장비와 매칭됨.",1,2,19,3,btp_support_history.main_product,"'신발' 키워드는 너무 일반적이며, 원 데이터는 '신발 부분품' 등 의료기기 사용성 평가와 관련된 맥락임. 보다 정확한 표현으로 수정 필요.","한 기업의 {source_fields}에서 신발 관련 의료기기 표현 3건 확인, 관련 임상의료장비 24대 보유.",너무 광범위한 '신발'은 비관련 데이터 포함 가능성 존재.,"의료기기, 임상의료장비, 신발부분품",기업 #1786#1786 | btp_support_history.main_product | 신발 부분품 || 기업 #1786#1786 | btp_support_history.main_product | 신발 부분품 제조업,휴대용 운동생리학적 신발 칼로리분석 시스템#25 | 임상의료장비 > 임상측정/진단장비 > 호흡기측정/진단장비 @ 녹산단지 || 신발 내외부 열화상분석 카메라 시스템#143 | 광학/전자영상장비 > 카메라/영상처리장비 > 열화상카메라 @ 녹산단지 || 통합형 기능향상 신발 성능평가 테스트베드#149 | 환경조성/생산/사육시설장비 > 환경조성형시설장비 > 사용환경모사시설장비 @ 녹산단지 || 휴대용 운동생리학적 신발 칼로리분석 시스템#241 | 임상의료장비 > 임상측정/진단장비 > 호흡기측정/진단장비 @ 녹산단지 || 주로형 지면반발력 측정용 시스템#282 | 임상의료장비 > 전문의학용특수장비 > 달리 분류되지 않는 전문의학용특수장비 @ 녹산단지
헬스케어,drop,,의료기기 사용성/성능평가,,,,0.715,0.715,"'헬스케어'는 단일 기업 1곳과 3건 자료에 나타나며, 24대 임상의료장비와 연계되나 매우 광범위한 용어임.",1,3,24,3,"btp_support_history.main_product, btp_support_history.support_item",의료기기 범위를 벗어나 광범위하여 노이즈 유발 가능해 drop 권장.,표준화된 의료기기 분류 없이 포괄적으로 사용되는 키워드로 판단됨.,너무 일반적인 단어라 부정확한 매칭 위험 높음.,"광범위, 비특화, 헬스케어",기업 #1786#1786 | btp_support_history.main_product | 스마트헬스케어 장비 || 기업 #1786#1786 | btp_support_history.support_item | 헬스케어,의료기기 사용적합성 평가실#15 | 임상의료장비 > 임상진단영상장비 > 달리 분류되지 않는 임상진단영상장비 @ 다대단지 || 휴대용 운동생리학적 신발 칼로리분석 시스템#25 | 임상의료장비 > 임상측정/진단장비 > 호흡기측정/진단장비 @ 녹산단지 || 인지 자극 측정 시스템#64 | 임상의료장비 > 임상측정/진단장비 > 달리 분류되지 않는 임상측정/진단장비 @ 엄궁단지 || 듀얼 시선 추적장비#73 | 임상의료장비 > 임상측정/진단장비 > 달리 분류되지 않는 임상측정/진단장비 @ 엄궁단지 || 이동형 모니터링 분석 시스템#97 | 임상의료장비 > 전문의학용특수장비 > 달리 분류되지 않는 전문의학용특수장비
방수,keep,,환경시험,환경시험,기계가공/시험장비,열유체장비,0.69,0.690,"기업/지원 데이터에서 1개 기업이 '파공방수패드' 등 방수 관련 3건 지원을 받고, 열유체장비 15종 장비 활용 중임.",1,3,15,7,"btp_support_history.main_product, btp_support_history.support_item",특정 제품명(파공방수패드)과 열유체시험장비 관련성이 뚜렷하여 유지 적합.,방수 관련 시험장비 15종과 7개 거점에서 지원내역 3건 확인됨.,"관련 장비 범위는 좁고 명확하나, 확장시 노이즈 가능성 존재.","환경시험, 방수, 열유체","기업 #2379#2379 | btp_support_history.main_product | 선박 파공방수패드, 원격 탈부착 사다리, 사다리 고정장치, 잔존유 배출장치, 화재 예방 제 || 기업 #2379#2379 | btp_support_history.support_item | WPP(파공방수패드) 품질 개선 || 기업 #2379#2379 | btp_support_history.support_item | 파공 방수패드 장비의 성능 개선 및 제작",항온항습시험기#50 | 기계가공/시험장비 > 열유체장비 > 항온/항습기 @ 지사단지 || 항온항습 시험장비#53 | 기계가공/시험장비 > 열유체장비 > 항온/항습기 @ 생곡단지 || 전열교환기 인증 시험실#57 | 기계가공/시험장비 > 열유체장비 > 열교환기 @ 지사단지 || 환기용 공기청정기 성능평가 시스템#72 | 기계가공/시험장비 > 열유체장비 > 유체정화기 @ 지사단지 || 증기 가압 시험기#89 | 기계가공/시험장비 > 열유체장비 > 압력장비 @ 장전단지
기기,drop,,기기 관련 장비 검증,,,,0.7,0.700,"'기기' 관련 키워드는 1개 기업과 3건에 등장하지만, 매우 포괄적이고 재료물성시험장비 3종과 연계됨.",1,3,3,3,btp_support_history.main_product,아주 광범위한 용어로 적용 범위 포착이 어렵고 노이즈 위험 높아 폐기 권장.,"치과용 기기 단일기업 3건에서 확인되나, 일반적 단어라 광범위 매칭 우려.",너무 일반적인 키워드로 판단 신뢰도 하락 가능.,"광범위, 일반용어",기업 #695#695 | btp_support_history.main_product | 치과용 기기 || 기업 #695#695 | btp_support_history.main_product | 치과용 기기,물성 측정기#105 | 기계가공/시험장비 > 재료물성시험장비 > 물성분석기 @ 장림단지 || 룸코너 테스터#127 | 기계가공/시험장비 > 재료물성시험장비 > 특성평가시스템 @ 미음단지 || 다축 모터 하중인가 시험기#226 | 기계가공/시험장비 > 재료물성시험장비 > 만능시험기 @ 다대단지
열교환기,keep,,열교환기 관련 장비 검증,열교환기 관련 장비 검증,기계가공/시험장비,열유체장비,0.7,0.700,"기업/지원 데이터에서 1개 기업이 열교환기를 포함해 3건 출현하며, 열유체장비 3종 장비 및 1개 거점과 연계됨.",1,3,3,1,"btp_support_history.main_product, company.main_product",구체적 설비명과 일치하며 명확한 장비군과 매칭되어 유지 적절.,열교환기와 관련된 장비 3종과 단일 기업의 지원내역이 교차 확인됨.,기업 및 장비 수가 적어 연관확장 유의 필요.,"열교환기, 기계가공","기업 #672#672 | btp_support_history.main_product | 열교환기 || 기업 #672#672 | btp_support_history.main_product | 열교환기, 압력용기 || 기업 #672#672 | company.main_product | 열교환기, 압력용기","가습기, 제습기,히터, Heat Pump 평가설비#30 | 기계가공/시험장비 > 열유체장비 > 열교환기 @ 지사단지 || 전열교환기 인증 시험실#57 | 기계가공/시험장비 > 열유체장비 > 열교환기 @ 지사단지 || 하이드롤리시스 해중합 나일론 섬유 실증 테스트베드#467 | 화합물전처리/분석장비 > 반응/혼합/분쇄장비 > 반응장비 @ 지사단지"
CCTV,keep,,정밀 관찰/영상분석,정밀 관찰/영상분석,광학/전자영상장비,,0.705,0.705,"CCTV 관련 키워드는 1개 기업 2건에서 확인되며, 광학/전자영상장비 48종과 11개 거점에서 활용됨.",1,2,48,11,btp_support_history.main_product,광학 영상장비 범주에 명확히 속하고 대상 기업·장비·거점 수가 충분히 확보됨.,CCTV 관련 기업 사례와 다수 장비 및 거점에서 일관된 매칭 자료 확보.,장비 범위가 넓어 일부 부정확 매칭이 있을 수 있음.,"영상분석, 광학장비, 관찰","기업 #2080#2080 | btp_support_history.main_product | WSSCCTVLESS || 기업 #2080#2080 | btp_support_history.main_product | 선박용cctv, 소화장치",광학현미경#4 | 광학/전자영상장비 > 현미경 > 광학현미경 @ 장림단지 || 공초점현미경#18 | 광학/전자영상장비 > 현미경 > 공초점현미경 @ 장림단지 || 적외선열화상카메라#20 | 광학/전자영상장비 > 카메라/영상처리장비 > 열화상카메라 || 현미경#28 | 광학/전자영상장비 > 현미경 > 디지털현미경 @ 장전단지 || 동영상 3차원 계측 및 동작분석 하이스피드카메라#36 | 광학/전자영상장비 > 카메라/영상처리장비 > 기타특수카메라 @ 녹산단지
관제,keep,,데이터/실감형 콘텐츠 검증,데이터/실감형 콘텐츠 검증,데이터처리장비,,0.775,0.775,"관제장비 관련 용어가 1개 기업 2건에서 등장하며, 데이터처리장비 29종과 7개 거점에서 검증됨.",1,2,29,7,"btp_support_history.main_product, company.main_product",데이터·관제 영역에 구체적으로 대응하며 충분한 장비 및 거점 데이터 확보됨.,관제장비 및 소프트웨어 관련 구체적 사례와 다수 장비 매칭 확인됨.,장비 분류가 넓어 확장 시 혼재 가능성 존재.,"데이터처리, 관제, 소프트웨어",기업 #1049#1049 | btp_support_history.main_product | 관제장비 및 주변장치 || 기업 #1049#1049 | company.main_product | 관제장비 및 주변장치/소프트웨어개발 및 유지보수,엔지니어링 협업 시스템#9 | 데이터처리장비 > 하드웨어 > 서버 @ 다대단지 || 주조성형해석프로그램#27 | 데이터처리장비 > 장비소프트웨어 > 계측/분석소프트웨어 @ 지사단지 || 논리설계 검증 소프트웨어#44 | 데이터처리장비 > 장비소프트웨어 > 연구장비기반소프트웨어 @ 지사단지 || 산업안전빅데이터플랫폼#52 | 데이터처리장비 > 하드웨어 > 서버 @ 수안단지 || 5G기반 드론 통합 관제 시스템#88 | 데이터처리장비 > 하드웨어 > 달리 분류되지 않는 하드웨어
신발,revise,신발 관련 물리적 측정장비,신발 관련 장비 검증,신발 관련 장비 검증,물리적측정장비,힘/토오크/압력/진공측정장비,0.77,0.770,"기업/지원 데이터에서 신발 부품 제조업을 포함해 1개 기업 2건 언급, 물리적 측정장비 19종과 3개 거점에서 맞춤 검증.",1,2,19,3,btp_support_history.main_product,'신발' 키워드가 의료기기 관련 평가와 별개로 물리적 측정장비 영역에서 특화되어 사용됨.,휴대용 칼로리분석 시스템 등 신발 관련 측정장비 사례 19종과 기업 지원 내용 확인.,광범위한 단어이나 물리적 측정장비에 한정해 안전성 확보 가능.,"물리측정, 신발, 성능평가",기업 #1786#1786 | btp_support_history.main_product | 신발 부분품 || 기업 #1786#1786 | btp_support_history.main_product | 신발 부분품 제조업,휴대용 운동생리학적 신발 칼로리분석 시스템#25 | 임상의료장비 > 임상측정/진단장비 > 호흡기측정/진단장비 @ 녹산단지 || 신발 내외부 열화상분석 카메라 시스템#143 | 광학/전자영상장비 > 카메라/영상처리장비 > 열화상카메라 @ 녹산단지 || 통합형 기능향상 신발 성능평가 테스트베드#149 | 환경조성/생산/사육시설장비 > 환경조성형시설장비 > 사용환경모사시설장비 @ 녹산단지 || 휴대용 운동생리학적 신발 칼로리분석 시스템#241 | 임상의료장비 > 임상측정/진단장비 > 호흡기측정/진단장비 @ 녹산단지 || 주로형 지면반발력 측정용 시스템#282 | 임상의료장비 > 전문의학용특수장비 > 달리 분류되지 않는 전문의학용특수장비 @ 녹산단지
원격,revise,원격 제어 자동화장비,원격 관련 장비 검증,원격 관련 장비 검증,기계가공/시험장비,자동화/이송 장비,0.715,0.715,"기업/지원 데이터에서 1개 기업이 원격 조종 관련 2건 언급하며, 자동화/이송장비 8종과 2개 거점에서 연계됨.",1,2,8,2,"btp_support_history.main_product, btp_support_history.support_item","'원격' 단어가 지나치게 일반적이나, 자동화·이송장비 영역으로 구체화 가능.",원격 조종 가능한 선박 승하선 사다리 및 산업용 드론 자동화장비 사례 검증됨.,범위가 광범위하므로 구체적 기술 범주 필요.,"원격제어, 자동화, 이송장비","기업 #2379#2379 | btp_support_history.main_product | 선박 파공방수패드, 원격 탈부착 사다리, 사다리 고정장치, 잔존유 배출장치, 화재 예방 제 || 기업 #2379#2379 | btp_support_history.support_item | 원격 조종이 가능한 선박 승하선 사다리",산업용 드론 플랫폼_회전익_소형#3 | 기계가공/시험장비 > 자동화/이송 장비 > 로봇 @ 지사단지 || 산업용 드론 플랫폼 회전익 중형#69 | 기계가공/시험장비 > 자동화/이송 장비 > 비행장비 @ 지사단지 || 산업용 드론 플랫폼 회전익 중형#166 | 기계가공/시험장비 > 자동화/이송 장비 > 비행장비 @ 지사단지 || 자동차용 실내 에어필터(cabin)의 가스오염물질 여과 성능평가 시스템#193 | 화합물전처리/분석장비 > 분리분석장비 > 가스크로마토그래피 @ 지사단지 || 인솔타입 족저압력 측정 시스템#200 | 물리적측정장비 > 힘/토오크/압력/진공측정장비 > 중력/압력/진공측정장비 @ 녹산단지
Valve,revise,Valve 관련 분리정제장비,Valve 관련 장비 검증,Valve 관련 장비 검증,화합물전처리/분석장비,분리정제장비,0.7,0.700,"기업/지원 데이터에서 Valve 관련 1개 기업이 2건 나타나며, 분리정제장비 5종과 4개 거점에서 적용됨.",1,2,5,4,btp_support_history.main_product,'Valve' 키워드는 일반적 영어 단어이나 장비 분류와 기업 사례가 명확해 특정 장비군으로 제한 권장.,Butterfly Valve 등 밸브 관련 제품과 분리정제장비 매칭이 분명함.,영문 키워드는 혼재 위험 있어 장비 분류 활용 필요.,"밸브, 분리정제장비, 화합물분석",기업 #1178#1178 | btp_support_history.main_product | Butterfly Valve Check Valve Sluice Valve || 기업 #1178#1178 | btp_support_history.main_product | Butterfly Valve Check Valve Sluice Valve,20리터회전식감압농축기#2 | 화합물전처리/분석장비 > 분리정제장비 > 증류/농축기 @ 일광단지 || 혼합 시스템#96 | 기계가공/시험장비 > 열유체장비 > 건조기 @ 일광단지 || 후면스퍼트#180 | 기계가공/시험장비 > 반도체장비 > 스퍼터 @ 장전단지 || 복합섬유 방염성 시험기#272 | 기계가공/시험장비 > 재료물성시험장비 > 달리 분류되지 않는 재료물성시험장비 @ 미음단지 || 가스센서평가시스템#305 | 전기/전자장비 > 측정시험장비 > 달리 분류되지 않는 측정시험장비 @ 수안단지
의약품,keep,,의약품 관련 장비 검증,의약품 관련 장비 검증,기계가공/시험장비,열유체장비,0.69,0.690,"btp_support_history.main_product 필드에서 1개 기업, 3개 열유체장비와 직접 일치하는 의약품 관련 용어가 확인되었습니다.",1,2,3,1,btp_support_history.main_product,1개 기업에서 2개 주요 소스 필드에 걸쳐 의약품 관련 정확한 장비군(열유체장비 등)이 명확히 매칭되어 신뢰도가 높음.,의약품 키워드는 1개 기업 3개의 기계가공 열유체장비와 직접 관련되어 있어 산업적 의미가 명확함.,적절한 산업분류에 부합하나 향후 다량 키워드 혼용 시 중복 가능성 고려 필요.,"제약, 기계가공, 열유체","기업 #695#695 | btp_support_history.main_product | 완제 의약품 제조업, 치과용기기, 정형외과용기기, 의료용기, 의료용구, 의료용재료, 의료기기 || 기업 #695#695 | btp_support_history.main_product | 완제 의약품, 제조업",혼합 시스템#96 | 기계가공/시험장비 > 열유체장비 > 건조기 @ 일광단지 || 연속원심분리기(관형)#240 | 화합물전처리/분석장비 > 분리정제장비 > 원심분리기 @ 일광단지 || 분무건조기(200kg)#261 | 기계가공/시험장비 > 열유체장비 > 건조기 @ 일광단지
다이나믹,revise,다이나믹 밸런스,다이나믹 관련 장비 검증,다이나믹 밸런스 장비 검증,물리적측정장비,힘/토오크/압력/진공측정장비,0.685,0.685,btp_support_history 내 1개 기업이 다이나믹 밸런스 관련 용어와 물리적측정장비 분야 2개 장비에서 확인되었습니다.,1,2,2,0,"btp_support_history.main_product, btp_support_history.support_item","원 키워드 '다이나믹'은 너무 광범위하여, 기업과 장비 데이터에서 직접 매칭된 '다이나믹 밸런스'로 구체화하는 것이 적합함.",1개 기업 소스와 2개 장비가 '다이나믹 밸런스'로 명확히 연결되어 있어 정확도 제고 필요.,단일 키워드 '다이나믹'은 일반적 용어로 오탐 위험이 존재함.,"물리측정, 밸런스, 정밀측정",기업 #1786#1786 | btp_support_history.main_product | 다이나믹 밸런스 || 기업 #1786#1786 | btp_support_history.support_item | 다이나믹 밸런스,퓨리에 변환 적외선 분광기#87 | 화합물전처리/분석장비 > 분광분석장비 > 푸리에변환적외선분광기 || 다이나믹 광 산란 측정기#209 | 화합물전처리/분석장비 > 입자분석장비 > 제타전위측정기
밸런스,revise,다이나믹 밸런스,밸런스 관련 장비 검증,다이나믹 밸런스 장비 검증,물리적측정장비,힘/토오크/압력/진공측정장비,0.685,0.685,"1개 기업의 다이나믹 밸런스 관련 제품과 물리적 측정장비 내 2개 장비가 일치하며, 녹산단지 거점도 포함됩니다.",1,2,2,1,"btp_support_history.main_product, btp_support_history.support_item","'밸런스' 단어 자체가 광범위하고 중의적이어서, 소스와 장비 매칭 기반으로 '다이나믹 밸런스'로 구체적으로 수정하는 것이 명확함.",밸런스 키워드는 1개 기업과 2개 물리적측정장비 실체가 있어 '다이나믹 밸런스'로 한정하면 품질 향상 가능.,단순 '밸런스'로 규칙 운영시 다양한 비관련 노이즈가 늘어날 위험 존재.,"힘측정, 진단장비, 정밀계측",기업 #1786#1786 | btp_support_history.main_product | 다이나믹 밸런스 || 기업 #1786#1786 | btp_support_history.support_item | 다이나믹 밸런스,맨발 족저압력 및 보행분석 시스템#141 | 물리적측정장비 > 힘/토오크/압력/진공측정장비 > 달리 분류되지 않는 힘/토오크/압력/진공 측정장비 @ 녹산단지 || 맨발 족저압력 및 보행분석 시스템#232 | 물리적측정장비 > 힘/토오크/압력/진공측정장비 > 달리 분류되지 않는 힘/토오크/압력/진공 측정장비 @ 녹산단지
사다리,drop,,사다리 관련 장비 검증,,환경조성/생산/사육시설장비,이동형시설장비,0.685,0.685,"1개 기업과 관련 소스에만 사다리 관련 용어가 있으나, 관련 장비는 사다리와 직접 연결되지 않아 노이즈 우려가 큽니다.",1,2,2,1,"btp_support_history.main_product, btp_support_history.support_item","'사다리' 키워드는 장비 예시와 직접 연관성이 낮으며, 과도하게 넓은 개념이라 산업적 특수성이 떨어집니다.",기업 문헌에 사다리 관련 언급은 있으나 적합 장비 연계가 부재하여 키워드로 유지시 노이즈가 많을 것임.,범용어로 분류돼 부적합 매칭 가능성이 크므로 중복 위험 높음.,"생산시설, 이동형장비","기업 #2379#2379 | btp_support_history.main_product | 선박 파공방수패드, 원격 탈부착 사다리, 사다리 고정장치, 잔존유 배출장치, 화재 예방 제 || 기업 #2379#2379 | btp_support_history.support_item | 원격 조종이 가능한 선박 승하선 사다리",이동식 드론 관제 차량#33 | 환경조성/생산/사육시설장비 > 이동형시설장비 > 연구용자동차 @ 지사단지 || 이동식 드론 관제 차량#262 | 환경조성/생산/사육시설장비 > 이동형시설장비 > 연구용자동차 @ 지사단지
튜브,revise,스테인리스 튜브,튜브 관련 장비 검증,튜브(스테인리스) 관련 장비 검증,광학/전자영상장비,방사선발생/측정장비,0.685,0.685,1개 기업의 '스테인리스강 튜브' 제품과 방사선발생 장비 2건에서 튜브 관련 용어가 확인되었습니다.,1,2,2,1,"btp_support_history.main_product, company.main_product",단순 '튜브'를 '스테인리스 튜브'로 구체화하여 기업 및 장비와 직접적인 매칭 연관성을 강화할 필요가 있음.,튜브 키워드는 관련 기업과 장비가 '스테인리스' 소재에 집중되어 있어 명확한 범위 설정이 요구됨.,광범위 '튜브' 단어는 다중 의미로 오탐 가능성이 높음.,"금속가공, 방사선측정, 소재","기업 #616#616 | btp_support_history.main_product | 스테인리스강 파이프&튜브, 이형단면재 || 기업 #616#616 | company.main_product | 금속냉간가공(튜브,파이프,고정밀부품 외), 금속가공기술개발",고정밀 CT 측정기#103 | 광학/전자영상장비 > 방사선발생/측정장비 > X-선발생기 @ 생곡단지 || 리크시험기#220 | 물리적측정장비 > 유체특성측정장비 > 유량계/수량계 @ 생곡단지
Butterfly,revise,Butterfly Valve,Butterfly 관련 장비 검증,버터플라이 밸브 관련 장비 검증,기계가공/시험장비,열유체장비,0.68,0.680,"1개 기업에서 'Butterfly Valve' 관련 용어가 2회 등장하며, 열유체 장비 1개와 매칭됩니다.",1,2,1,1,btp_support_history.main_product,'Butterfly'만으로는 모호하므로 'Butterfly Valve'로 구체화하여 밸브 관련 산업 장비와 정확히 연결할 필요가 있음.,기업과 장비 데이터가 버터플라이 밸브 제품으로 일치하여 정확도를 높임.,일반 단어 'Butterfly'만 사용 시 밸브 외 중복 노이즈 가능.,"밸브, 유체장비, 기계가공",기업 #1178#1178 | btp_support_history.main_product | Butterfly Valve Check Valve Sluice Valve || 기업 #1178#1178 | btp_support_history.main_product | Butterfly Valve Check Valve Sluice Valve,혼합 시스템#96 | 기계가공/시험장비 > 열유체장비 > 건조기 @ 일광단지
Check,drop,,Check 관련 장비 검증,,물리적측정장비,힘/토오크/압력/진공측정장비,0.68,0.680,"단일 단어 'Check'는 산업현장 용어로 너무 광범위하여 1개 기업, 1개 장비에서도 중복 가능성이 높습니다.",1,2,1,1,btp_support_history.main_product,"일상어에 가까운 'Check' 키워드는 산업 장비나 상품과의 직접적 일치도가 떨어지고, 노이즈 발생 우려가 크므로 드롭 권장.",텍스트 중복이 적고 오탐 위험이 커 정확한 산업군 판단이 어렵습니다.,범용 단어로 검색시 무관 키워드 대응 곤란.,"일반어, 측정장비",기업 #1178#1178 | btp_support_history.main_product | Butterfly Valve Check Valve Sluice Valve || 기업 #1178#1178 | btp_support_history.main_product | Butterfly Valve Check Valve Sluice Valve,지면반력 센서#252 | 물리적측정장비 > 힘/토오크/압력/진공측정장비 > 달리 분류되지 않는 힘/토오크/압력/진공 측정장비 @ 다대단지
체크밸브,keep,,체크밸브 관련 장비 검증,체크밸브 관련 장비 검증,물리적측정장비,유체특성측정장비,0.68,0.680,"1개 기업이 체크밸브 관련 제품을 보유하고, 유체특성 측정용 장비 1건과 직접 연결되어 있습니다.",1,2,1,1,btp_support_history.main_product,"체크밸브는 산업적으로 중요한 밸브 종류이며, 기업 제품과 유체특성 측정장비 예시가 매치됩니다.",체크밸브 키워드는 1개 기업의 유체 관련 장비와 확실한 연계를 보여 신뢰성 확보 가능.,키워드가 비교적 구체적이라 노이즈 우려가 낮음.,"유체장비, 밸브, 산업밸브","기업 #1178#1178 | btp_support_history.main_product | 버터플라이 밸브, 듀얼체크밸브, 체크밸브, 수문밸브 || 기업 #1178#1178 | btp_support_history.main_product | 버터플라이밸브, 체크밸브",가스 밸브 유동 시험장비#379 | 물리적측정장비 > 유체특성측정장비 > 유량계/수량계 @ 지사단지
파이프,revise,스테인리스강 파이프,파이프 관련 장비 검증,파이프(스테인리스강) 관련 장비 검증,화합물전처리/분석장비,분리분석장비,0.68,0.680,'스테인리스강 파이프' 관련 표현이 1개 기업 소스와 1개 분리분석장비에서 확인되어 공통성이 높습니다.,1,2,1,1,"btp_support_history.main_product, company.main_product",단순 '파이프' 키워드가 너무 광범위해 스테인리스강으로 한정해 기업과 장비 간의 정확한 매칭을 반영하는 게 타당함.,파이프 키워드는 소재까지 포함해 구체화하면 산업맞춤도가 향상됨.,일반어인 '파이프' 단독 사용 시 다중 의미 오탐 위험 존재.,"금속소재, 분석장비, 정밀분리","기업 #616#616 | btp_support_history.main_product | 스테인리스강 파이프&튜브, 이형단면재 || 기업 #616#616 | company.main_product | 금속냉간가공(튜브,파이프,고정밀부품 외), 금속가공기술개발",자동차용 실내 에어필터(cabin)의 가스오염물질 여과 성능평가 시스템#193 | 화합물전처리/분석장비 > 분리분석장비 > 가스크로마토그래피 @ 지사단지
측정,drop,,측정 관련 장비 검증,,임상의료장비,임상측정/진단장비,0.765,0.765,"1개 기업 소스와 112개 장비, 11개 거점에서 광범위하게 '측정' 관련 용어가 등장하나 너무 일반적입니다.",1,1,112,11,btp_support_history.main_product,"'측정'은 매우 포괄적이고 범용적인 용어로, 다양한 분야에 걸쳐 노출되어 키워드 역할에 부적절합니다.","거점과 장비 다수가 관련됨에도, 키워드로서는 너무 넓어 특정 기능 검증에 적합하지 않음.",과도한 일반화로 인한 대량 오탐 및 저품질 매칭 우려가 큽니다.,"임상, 진단, 일반장비","기업 #1786#1786 | btp_support_history.main_product | 기능성 깔창, 균형 능력 측정 장비",미세먼지 간이측정기 반복재현성 평가 장비#5 | 화합물전처리/분석장비 > 입자분석장비 > 입도분석기 @ 지사단지 || 완제품 및 인체영향 성능평가 시험환경#10 | 환경조성/생산/사육시설장비 > 환경조성형시설장비 > 사용환경모사시설장비 @ 녹산단지 || 동적 특성기#19 | 전기/전자장비 > 측정시험장비 > 전압/전류/전력측정시험장비 @ 지사단지 || 주행차량 전자파 내성 측정 시스템#22 | 전기/전자장비 > 측정시험장비 > 전자파측정시험장비 @ 지사단지 || 휴대용 운동생리학적 신발 칼로리분석 시스템#25 | 임상의료장비 > 임상측정/진단장비 > 호흡기측정/진단장비 @ 녹산단지
금속,keep,,재료물성시험,재료물성시험,기계가공/시험장비,재료물성시험장비,0.695,0.695,"{sourceField}에서 기업 1곳, 관련 데이터 61대, 8개 거점에서 '금속' 관련 시험장비와 기능이 확인되었습니다.",1,1,61,8,company.main_product,"장비 수와 거점이 많고, 기업 정보와 직접 연관된 재료물성시험 장비로 적용 가능하여 전문성이 높음.",금속 관련 재료물성시험장비가 다양한 거점과 장비 수를 통해 충분히 검증됨.,'금속'은 범용 키워드지만 관련 장비 및 기업 매칭이 명확하여 유지함.,"재료시험, 기계장비, 금속공학","기업 #616#616 | company.main_product | 금속냉간가공(튜브,파이프,고정밀부품 외), 금속가공기술개발",미세먼지 간이측정기 등가성 평가장비#6 | 기계가공/시험장비 > 재료물성시험장비 > 분진시험기 @ 지사단지 || 비틀림시험기#24 | 기계가공/시험장비 > 재료물성시험장비 > 만능피로시험기 @ 지사단지 || 동적하중 만능재료시험기#26 | 기계가공/시험장비 > 재료물성시험장비 > 진동내구시험장비 @ 지사단지 || 인장시험기#32 | 기계가공/시험장비 > 재료물성시험장비 > 만능시험기 @ 지사단지 || 열충격 시험기#74 | 기계가공/시험장비 > 재료물성시험장비 > 열충격시험기 @ 장안단지
데이터,revise,데이터 처리 장비,데이터 관련 장비 검증,데이터 관련 장비 검증,물리적측정장비,힘/토오크/압력/진공측정장비,0.765,0.765,"BTP 지원 내역 {sourceField}에서 데이터 핵심어가 1개 기업과 9개 거점, 58대 측정장비와 함께 발견되었습니다.",1,1,58,9,btp_support_history.support_item,'데이터' 키워드는 범위가 넓어 노이즈 가능성 존재. 장비 연결성을 고려해 '데이터 처리 장비'로 구체화 권장.,측정 및 물리적 데이터 관련 장비와 기업 매칭이 있으나 범용성으로 인해 세분화 필요.,'데이터' 단어가 너무 광범위해 관련 없는 매칭을 유발할 위험 있음.,"데이터검증, 측정장비, 물리측정",기업 #1786#1786 | btp_support_history.support_item | Dynamic Balance 데이터 및 할룩스 매직 인솔을 활용한 운동 APP 시제품 개발,엔지니어링 협업 시스템#9 | 데이터처리장비 > 하드웨어 > 서버 @ 다대단지 || 의료기기 사용적합성 평가실#15 | 임상의료장비 > 임상진단영상장비 > 달리 분류되지 않는 임상진단영상장비 @ 다대단지 || 동영상 3차원 계측 및 동작분석 하이스피드카메라#36 | 광학/전자영상장비 > 카메라/영상처리장비 > 기타특수카메라 @ 녹산단지 || 초고화질 영상촬영 시스템#43 | 광학/전자영상장비 > 카메라/영상처리장비 > 디지털카메라 @ 지사단지 || 인지 자극 측정 시스템#64 | 임상의료장비 > 임상측정/진단장비 > 달리 분류되지 않는 임상측정/진단장비 @ 엄궁단지
구성,drop,,구성 관련 장비 검증,,기계가공/시험장비,자동화/이송 장비,0.765,0.765,,1,1,52,10,btp_support_history.main_product,'구성' 단어는 범용적이고 구체적 의미가 부족해 혼란 가능성이 큼.,기업 명칭과 제품명 에서만 1회 발견되었으나 명확한 기술 분야와 장비 매칭 부족.,너무 광범위해 노이즈 증가 우려 있어 규칙에서 제외 권장.,"광범위, 불명확",기업 #2379#2379 | btp_support_history.main_product | 선박 구성 부분품,"CDM 시험기#13 | 전기/전자장비 > 측정시험장비 > 달리 분류되지 않는 측정시험장비 @ 장전단지 || 동적하중 만능재료시험기#26 | 기계가공/시험장비 > 재료물성시험장비 > 진동내구시험장비 @ 지사단지 || 가습기, 제습기,히터, Heat Pump 평가설비#30 | 기계가공/시험장비 > 열유체장비 > 열교환기 @ 지사단지 || 산업용 드론 플랫폼 회전익 소형#37 | 기계가공/시험장비 > 자동화/이송 장비 > 비행장비 @ 지사단지 || 마이크로스코프#42 | 기계가공/시험장비 > 반도체장비 > 광학검사기 @ 장전단지"
영상,keep,,정밀 관찰/영상분석,정밀 관찰/영상분석,광학/전자영상장비,,0.765,0.765,기업 {sourceField}에서 영상 관련 정밀 관찰용 광학/전자영상장비 48대가 11개 거점에서 널리 활용되는 것으로 확인되었습니다.,1,1,48,11,btp_support_history.main_product,명확한 장비 분류와 광학 영상 분야 연계로 산업적 활용도와 전문성 확보됨.,영상 관련 다양한 광학장비 예시와 다수 거점에서 관련 기업 확인됨.,범용 단어이나 장비 카테고리와 결합되어 정확도 유지 가능.,"영상분석, 광학장비, 정밀측정","기업 #2080#2080 | btp_support_history.main_product | 영상감시장치, 선박구성부분품",광학현미경#4 | 광학/전자영상장비 > 현미경 > 광학현미경 @ 장림단지 || 공초점현미경#18 | 광학/전자영상장비 > 현미경 > 공초점현미경 @ 장림단지 || 적외선열화상카메라#20 | 광학/전자영상장비 > 카메라/영상처리장비 > 열화상카메라 || 현미경#28 | 광학/전자영상장비 > 현미경 > 디지털현미경 @ 장전단지 || 동영상 3차원 계측 및 동작분석 하이스피드카메라#36 | 광학/전자영상장비 > 카메라/영상처리장비 > 기타특수카메라 @ 녹산단지
카메라,revise,광학/전자영상 카메라,카메라 관련 장비 검증,정밀 관찰/영상분석,광학/전자영상장비,,0.765,0.765,{sourceField} 내 카메라 관련 기업 1곳과 48대의 광학 및 영상 카메라 장비가 11개 거점에서 일치합니다.,1,1,36,7,btp_support_history.support_item,'카메라'라는 단어가 매우 광범위하므로 광학/영상 카메라로 한정해 정확성을 높임.,"기업 및 장비 매칭은 확실하나, 일반 단어 특성상 구체화 필요.",단독으로 쓰면 영상 외 불필요 포함 우려 있음.,"광학카메라, 영상장비, 정밀관찰",기업 #2080#2080 | btp_support_history.support_item | 3축 동요 안정기가 적용된 해상 충돌 방지 시스템용 주야간 감시 카메라 시제품 및 특허 지원,산업용 드론 플랫폼_회전익_소형#3 | 기계가공/시험장비 > 자동화/이송 장비 > 로봇 @ 지사단지 || 의료기기 사용적합성 평가실#15 | 임상의료장비 > 임상진단영상장비 > 달리 분류되지 않는 임상진단영상장비 @ 다대단지 || 동영상 3차원 계측 및 동작분석 하이스피드카메라#36 | 광학/전자영상장비 > 카메라/영상처리장비 > 기타특수카메라 @ 녹산단지 || 산업용 드론 플랫폼 회전익 소형#37 | 기계가공/시험장비 > 자동화/이송 장비 > 비행장비 @ 지사단지 || 마이크로스코프#42 | 기계가공/시험장비 > 반도체장비 > 광학검사기 @ 장전단지
카메라,drop,,카메라 관련 장비 검증,,기계가공/시험장비,자동화/이송 장비,0.765,0.765,,1,1,36,7,btp_support_history.support_item,동일 키워드이나 장비 분류 '자동화/이송 장비'와 부적합하여 혼선을 초래함.,장비 예시와 기업 문구 간 연관성이 부족하여 구분이 필요함.,중복과 불분명한 연관성으로 인한 노이즈 가능성 높음.,"혼선예상, 중복",기업 #2080#2080 | btp_support_history.support_item | 3축 동요 안정기가 적용된 해상 충돌 방지 시스템용 주야간 감시 카메라 시제품 및 특허 지원,산업용 드론 플랫폼_회전익_소형#3 | 기계가공/시험장비 > 자동화/이송 장비 > 로봇 @ 지사단지 || 의료기기 사용적합성 평가실#15 | 임상의료장비 > 임상진단영상장비 > 달리 분류되지 않는 임상진단영상장비 @ 다대단지 || 동영상 3차원 계측 및 동작분석 하이스피드카메라#36 | 광학/전자영상장비 > 카메라/영상처리장비 > 기타특수카메라 @ 녹산단지 || 산업용 드론 플랫폼 회전익 소형#37 | 기계가공/시험장비 > 자동화/이송 장비 > 비행장비 @ 지사단지 || 마이크로스코프#42 | 기계가공/시험장비 > 반도체장비 > 광학검사기 @ 장전단지
가능한,drop,,가능한 관련 장비 검증,,기계가공/시험장비,자동화/이송 장비,0.765,0.765,,1,1,33,10,btp_support_history.support_item,기술적 기능보다는 보편적 형용사로 장비 검증과 매칭에 적합하지 않음.,기업 및 장비 매칭 1회 있으나 기능식별 불가로서 제외 권고.,검색 결과에 의미 없는 노이즈를 유발할 위험 있음.,"불명확, 자동차용어",기업 #2379#2379 | btp_support_history.support_item | 원격 조종이 가능한 선박 승하선 사다리,완제품 및 인체영향 성능평가 시험환경#10 | 환경조성/생산/사육시설장비 > 환경조성형시설장비 > 사용환경모사시설장비 @ 녹산단지 || 산업용 드론 플랫폼 회전익 중형#69 | 기계가공/시험장비 > 자동화/이송 장비 > 비행장비 @ 지사단지 || 디캡 스테이션#93 | 기계가공/시험장비 > 반도체장비 > 달리 분류되지 않는 반도체장비 @ 장전단지 || 고정밀 CT 측정기#103 | 광학/전자영상장비 > 방사선발생/측정장비 > X-선발생기 @ 생곡단지 || 공기 초가속 수명 시험기#128 | 기계가공/시험장비 > 재료물성시험장비 > 가속수명시험기 @ 장전단지
IoT,keep,,데이터/실감형 콘텐츠 검증,데이터/실감형 콘텐츠 검증,데이터처리장비,,0.695,0.695,{sourceField} 내에서 IoT 관련 1개 기업과 29대 데이터처리 장비가 7개 거점에 배치된 사례 분석으로 확인됩니다.,1,1,29,7,company_ntis_lead_project.project_name,명확한 첨단 기술 영역으로 관련 장비 및 기업 매칭이 객관적으로 입증됨.,IoT 관련 프로젝트와 서버 등 장비 분류가 일치하며 충분한 사례 확보.,기술 특화어로서 광의의 데이터보다는 특성을 반영해 유지 필요.,"IoT, 데이터처리, 실감콘텐츠",기업 #1049#1049 | company_ntis_lead_project.project_name | IoT기반지능형항만물류기술개발(R&D),엔지니어링 협업 시스템#9 | 데이터처리장비 > 하드웨어 > 서버 @ 다대단지 || 주조성형해석프로그램#27 | 데이터처리장비 > 장비소프트웨어 > 계측/분석소프트웨어 @ 지사단지 || 논리설계 검증 소프트웨어#44 | 데이터처리장비 > 장비소프트웨어 > 연구장비기반소프트웨어 @ 지사단지 || 산업안전빅데이터플랫폼#52 | 데이터처리장비 > 하드웨어 > 서버 @ 수안단지 || 5G기반 드론 통합 관제 시스템#88 | 데이터처리장비 > 하드웨어 > 달리 분류되지 않는 하드웨어
VR,keep,,데이터/실감형 콘텐츠 검증,데이터/실감형 콘텐츠 검증,데이터처리장비,,0.695,0.695,{sourceField}에서 VR 관련 1개 기업의 실감형 콘텐츠와 29대 데이터처리 장비가 7개 거점에서 확인됩니다.,1,1,29,7,btp_support_history.main_product,특수 분야인 VR 장비와 콘텐츠 관련 매칭이 명확하며 장비 수와 거점 활용도도 높음.,VR 제품군과 데이터처리 장비 매칭이 명확하게 드러남.,실감형 콘텐츠 검증에 적합한 세부 기능으로 활용 가능.,"VR, 실감형콘텐츠, 데이터장비","기업 #1049#1049 | btp_support_history.main_product | VR교육훈련장비, VR콘텐츠, AR/VR 시뮬레이터",엔지니어링 협업 시스템#9 | 데이터처리장비 > 하드웨어 > 서버 @ 다대단지 || 주조성형해석프로그램#27 | 데이터처리장비 > 장비소프트웨어 > 계측/분석소프트웨어 @ 지사단지 || 논리설계 검증 소프트웨어#44 | 데이터처리장비 > 장비소프트웨어 > 연구장비기반소프트웨어 @ 지사단지 || 산업안전빅데이터플랫폼#52 | 데이터처리장비 > 하드웨어 > 서버 @ 수안단지 || 5G기반 드론 통합 관제 시스템#88 | 데이터처리장비 > 하드웨어 > 달리 분류되지 않는 하드웨어
소프트웨어,revise,소프트웨어 개발 및 검증,데이터/실감형 콘텐츠 검증,데이터/실감형 콘텐츠 검증,데이터처리장비,,0.765,0.765,{sourceField}에서 소프트웨어 개발 기업 1개와 데이터처리 장비 29대가 7개 거점에서 운영 중인 것으로 확인되었습니다.,1,1,29,7,company.main_product,'소프트웨어' 단어 자체가 매우 광범위하므로 개발 및 검증으로 범위를 좁혀 전문성을 높임.,기업 문구와 장비 연관성이 있으나 광의성 최소화를 위해 세분화 필요.,범용어로 노이즈 발생 우려가 있어 명확한 기능명을 권장.,"소프트웨어, 개발, 데이터검증",기업 #1049#1049 | company.main_product | 관제장비 및 주변장치/소프트웨어개발 및 유지보수,엔지니어링 협업 시스템#9 | 데이터처리장비 > 하드웨어 > 서버 @ 다대단지 || 주조성형해석프로그램#27 | 데이터처리장비 > 장비소프트웨어 > 계측/분석소프트웨어 @ 지사단지 || 논리설계 검증 소프트웨어#44 | 데이터처리장비 > 장비소프트웨어 > 연구장비기반소프트웨어 @ 지사단지 || 산업안전빅데이터플랫폼#52 | 데이터처리장비 > 하드웨어 > 서버 @ 수안단지 || 5G기반 드론 통합 관제 시스템#88 | 데이터처리장비 > 하드웨어 > 달리 분류되지 않는 하드웨어
시뮬레이터,revise,AR/VR 시뮬레이터,시뮬레이터 관련 장비 검증,데이터/실감형 콘텐츠 검증,데이터처리장비,,0.765,0.695,"기업/지원 데이터에서 1개 기업이 AR/VR 시뮬레이터 관련 제품을, 총 29개 데이터처리장비와 7개 거점에서 확인하였습니다.",1,1,6,5,btp_support_history.main_product,'시뮬레이터'는 너무 광범위해 AR/VR 시뮬레이터로 구체화하여 관련성이 높은 장비군과 매칭하도록 조정함.,"기업 1곳이 AR/VR 시뮬레이터를 명시했고, 관련 데이터처리장비 29개가 분포함.",너무 광범위할 경우 비관련 검색 유입 가능성이 크므로 구체 키워드로 조정 필요.,"데이터처리장비, AR/VR, 실감형콘텐츠","기업 #1049#1049 | btp_support_history.main_product | VR교육훈련장비, VR콘텐츠, AR/VR 시뮬레이터",전자기 시뮬레이터#35 | 전기/전자장비 > 분석장비 > 신호분석기 @ 엄궁단지 || 250kW 모터 다이나모 시스템#165 | 물리적측정장비 > 힘/토오크/압력/진공측정장비 > 동력계 @ 생곡단지 || 리크시험기#220 | 물리적측정장비 > 유체특성측정장비 > 유량계/수량계 @ 생곡단지 || 해외규격인증 개인착용형 호흡기 보호구(PPE) 시험 시스템#255 | 기계가공/시험장비 > 달리 분류되지 않는 기계가공/시험장비 > x @ 지사단지 || 위성영상 교육용 시뮬레이터 서버 가상화시스템#347 | 데이터처리장비 > 하드웨어 > 서버 @ 영도단지
방사,revise,전자파 방사,전자파시험(EMC),전자파시험(EMC),전기/전자장비,측정시험장비,0.765,0.765,"기업/지원 데이터에서 1개 기업이 '방사' 용어를 전자파시험 관련 프로젝트명으로 활용하였으며, 25대 측정시험장비가 2개 거점에서 운용 중입니다.",1,1,25,2,company_ntis_lead_project.project_name,"'방사' 단어가 너무 일반적이고, 전자파 방사로 구체화해 시험 장비 분류와 일치시킴.","전자파시험 관련 전기·전자 측정시험장비 25대가 존재하며, 프로젝트명에 전자파 관련 '방사'가 포함됨.",너무 일반어는 오탐 발생 가능성이 커 명확한 분야 용어 사용 권장.,"전자파시험, EMC, 측정장비","기업 #1049#1049 | company_ntis_lead_project.project_name | 민군기술협력(R&D)(산업부,방사청)",정전기 내성시험 시스템#21 | 전기/전자장비 > 측정시험장비 > 절연/누설/정전기측정시험장비 @ 지사단지 || 주행차량 전자파 내성 측정 시스템#22 | 전기/전자장비 > 측정시험장비 > 전자파측정시험장비 @ 지사단지 || 고주파 RF 파워증폭기#29 | 전기/전자장비 > 측정시험장비 > 전자파측정시험장비 @ 지사단지 || 과도시험 시스템(CTE/CTI)#54 | 전기/전자장비 > 측정시험장비 > 달리 분류되지 않는 측정시험장비 @ 지사단지 || 완성차 방사내성 시험(RS)시험 시스템#55 | 전기/전자장비 > 측정시험장비 > 전자파측정시험장비 @ 지사단지
보행,revise,보행 의료기기 사용성 평가,보행 관련 장비 검증,의료기기 사용성/성능평가,임상의료장비,,0.765,0.740,"기업/지원 데이터에서 1개 기업이 고령자 맞춤형 보행 보조 의료기기 개발을 지원받았으며, 임상의료장비 24종이 3개 거점에서 활용 중입니다.",1,1,15,2,btp_support_history.support_item,'보행'만으로 광범위하므로 의료기기 사용성 평가 문맥으로 좁혀 정확성 향상 필요.,기업 지원 사례와 임상의료장비의 직접 연결성 명확함.,너무 포괄적일 경우 문맥 불일치 및 노이즈 증가 우려 있음.,"의료기기, 보행분석, 임상의료장비",기업 #1786#1786 | btp_support_history.support_item | 보행 시 발 아치 능동적 교정 및 신체 압력 중심 이동 궤적 개선을 통한 고령자 맞춤형 발바닥 근육 강화 인솔 개발,완제품 및 인체영향 성능평가 시험환경#10 | 환경조성/생산/사육시설장비 > 환경조성형시설장비 > 사용환경모사시설장비 @ 녹산단지 || 야외 활동 시험용 3차원 무선 모션캡쳐 시스템#110 | 물리적측정장비 > 길이/위치/자세측정장비 > 달리 분류되지 않는 길이/위치/자세측정장비 @ 녹산단지 || 전동높이조절 계단훈련 장비#120 | 임상의료장비 > 전문의학용특수장비 > 달리 분류되지 않는 전문의학용특수장비 @ 다대단지 || 기초 체력 측정 시스템#122 | 임상의료장비 > 임상측정/진단장비 > 근전도측정/진단장비 @ 다대단지 || 적외선 디지털 3차원 인간-신발 동작분석 시스템#125 | 광학/전자영상장비 > 카메라/영상처리장비 > 모션캡쳐카메라 @ 녹산단지
성능,drop,,성능 관련 장비 검증,,,,0.765,0.765,,1,1,23,5,btp_support_history.support_item,'성능'은 광범위하고 애매하여 구체적 성능평가 또는 기능별 키워드로 대체 필요; 현재 노이즈 유발 가능성 큼.,단일 기업 지원 항목 및 광범위한 장비군 제외하면 직접적 연관성 부족.,광범위 키워드는 무분별한 노이즈 유입 및 매칭 정확도 저하 문제 야기.,,기업 #2379#2379 | btp_support_history.support_item | 파공 방수패드 장비의 성능 개선 및 제작,"20리터회전식감압농축기#2 | 화합물전처리/분석장비 > 분리정제장비 > 증류/농축기 @ 일광단지 || CDM 시험기#13 | 전기/전자장비 > 측정시험장비 > 달리 분류되지 않는 측정시험장비 @ 장전단지 || 동적하중 만능재료시험기#26 | 기계가공/시험장비 > 재료물성시험장비 > 진동내구시험장비 @ 지사단지 || 가습기, 제습기,히터, Heat Pump 평가설비#30 | 기계가공/시험장비 > 열유체장비 > 열교환기 @ 지사단지 || 후면 그라인더#41 | 기계가공/시험장비 > 반도체장비 > 가공/리페어/절단장비 @ 장전단지"
압력,keep,,압력 관련 장비 검증,압력 관련 장비 검증,물리적측정장비,힘/토오크/압력/진공측정장비,0.765,0.765,"기업/지원 데이터에서 1개 기업이 보행 시 발 압력 분석 제품 개발을 지원받았고, 관련 물리적 압력 측정장비가 23대 7개 거점에서 활용됩니다.",1,1,23,7,btp_support_history.support_item,'압력'은 특정 물리적측정장비 카테고리와 잘 맞아 전문적으로 활용도 높음.,기업 사례와 실제 장비 구성 및 분포가 일치함.,구체적 측정장비군과 맞물려 노이즈 적음.,"압력측정, 물리적측정장비, 보행분석",기업 #1786#1786 | btp_support_history.support_item | 보행 시 발 아치 능동적 교정 및 신체 압력 중심 이동 궤적 개선을 통한 고령자 맞춤형 발바닥 근육 강화 인솔 개발,퓨리에 변환 적외선 분광기#87 | 화합물전처리/분석장비 > 분광분석장비 > 푸리에변환적외선분광기 || 야외 활동 시험용 3차원 무선 모션캡쳐 시스템#110 | 물리적측정장비 > 길이/위치/자세측정장비 > 달리 분류되지 않는 길이/위치/자세측정장비 @ 녹산단지 || 필름형 압력 측정 장비#111 | 물리적측정장비 > 힘/토오크/압력/진공측정장비 > 달리 분류되지 않는 힘/토오크/압력/진공 측정장비 @ 다대단지 || 휴대용 지면반력 측정 장비#131 | 물리적측정장비 > 힘/토오크/압력/진공측정장비 > 달리 분류되지 않는 힘/토오크/압력/진공 측정장비 @ 다대단지 || 맨발 족저압력 및 보행분석 시스템#141 | 물리적측정장비 > 힘/토오크/압력/진공측정장비 > 달리 분류되지 않는 힘/토오크/압력/진공 측정장비 @ 녹산단지
측정장비,revise,힘/토오크/압력 측정장비,측정장비 관련 장비 검증,측정장비 관련 장비 검증,물리적측정장비,힘/토오크/압력/진공측정장비,0.765,0.765,"기업/지원 데이터에서 1개 기업이 균형능력 측정장비를 주제품으로 언급했고, 해당 장비군이 21대 5개 거점에 분포합니다.",1,1,21,5,btp_support_history.main_product,'측정장비'는 너무 일반적이므로 장비 중 '힘/토오크/압력' 분야로 구체화함.,기업 제품과 실제 장비 카테고리의 연계성이 명확함.,너무 광범위하면 목적과 부합하지 않는 노이즈 생성 가능.,"측정장비, 힘토오크, 압력측정","기업 #1786#1786 | btp_support_history.main_product | 기능성 인솔, 균형능력 측정장비",필름형 압력 측정 장비#111 | 물리적측정장비 > 힘/토오크/압력/진공측정장비 > 달리 분류되지 않는 힘/토오크/압력/진공 측정장비 @ 다대단지 || 전자파 적합성 시험장비(EMC 측정장비)#121 | 전기/전자장비 > 분석장비 > 신호분석기 @ 지사단지 || 휴대용 지면반력 측정 장비#131 | 물리적측정장비 > 힘/토오크/압력/진공측정장비 > 달리 분류되지 않는 힘/토오크/압력/진공 측정장비 @ 다대단지 || 맨발 족저압력 및 보행분석 시스템#141 | 물리적측정장비 > 힘/토오크/압력/진공측정장비 > 달리 분류되지 않는 힘/토오크/압력/진공 측정장비 @ 녹산단지 || 완전 무선 인솔타입 족저압력 측정 시스템#156 | 물리적측정장비 > 힘/토오크/압력/진공측정장비 > 달리 분류되지 않는 힘/토오크/압력/진공 측정장비 @ 녹산단지
보행,drop,,보행 관련 장비 검증,,,,0.74,0.740,,1,1,15,2,btp_support_history.support_item,"'보행' 키워드가 중복 존재하며, 더 구체적 평가나 장비 명칭으로 구분 필요; 중복 및 광범위성으로 분리 권고.",중복 등록으로 인해 명확한 역할 분리 필요.,중복 키워드는 혼란과 노이즈 증가 주 원인.,,기업 #1786#1786 | btp_support_history.support_item | 보행 시 발 아치 능동적 교정 및 신체 압력 중심 이동 궤적 개선을 통한 고령자 맞춤형 발바닥 근육 강화 인솔 개발,완제품 및 인체영향 성능평가 시험환경#10 | 환경조성/생산/사육시설장비 > 환경조성형시설장비 > 사용환경모사시설장비 @ 녹산단지 || 야외 활동 시험용 3차원 무선 모션캡쳐 시스템#110 | 물리적측정장비 > 길이/위치/자세측정장비 > 달리 분류되지 않는 길이/위치/자세측정장비 @ 녹산단지 || 전동높이조절 계단훈련 장비#120 | 임상의료장비 > 전문의학용특수장비 > 달리 분류되지 않는 전문의학용특수장비 @ 다대단지 || 기초 체력 측정 시스템#122 | 임상의료장비 > 임상측정/진단장비 > 근전도측정/진단장비 @ 다대단지 || 적외선 디지털 3차원 인간-신발 동작분석 시스템#125 | 광학/전자영상장비 > 카메라/영상처리장비 > 모션캡쳐카메라 @ 녹산단지
이동,drop,,이동 관련 장비 검증,,,,0.74,0.740,,1,1,15,5,btp_support_history.support_item,"'이동'은 매우 일반적인 용어로, 특화된 시험장비 기능이나 산업 분야나 기능으로 대체 권장.",광범위 키워드 단독으로는 대상 범위 과도하게 확대.,일반어는 노이즈 발생과 키워드 신뢰도 저하 유발.,,기업 #1786#1786 | btp_support_history.support_item | 보행 시 발 아치 능동적 교정 및 신체 압력 중심 이동 궤적 개선을 통한 고령자 맞춤형 발바닥 근육 강화 인솔 개발,3차원 측정기#46 | 물리적측정장비 > 길이/위치/자세측정장비 > 달리 분류되지 않는 길이/위치/자세측정장비 @ 생곡단지 || 청정환기 소재 및 부품 복합 시험설비#134 | 기계가공/시험장비 > 달리 분류되지 않는 기계가공/시험장비 > x @ 지사단지 || 솔더 젖음성 시험기#196 | 기계가공/시험장비 > 재료물성시험장비 > 특성평가시스템 @ 장전단지 || 산업용 드론 플랫폼 수중#201 | 기계가공/시험장비 > 자동화/이송 장비 > 달리 분류되지 않는 자동화/이송장비 @ 지사단지 || 해외규격인증 개인착용형 호흡기 보호구(PPE) 시험 시스템#255 | 기계가공/시험장비 > 달리 분류되지 않는 기계가공/시험장비 > x @ 지사단지
소형,drop,,소형 관련 장비 검증,,,,0.725,0.725,,1,1,12,2,btp_support_history.support_item,"'소형'은 크기 관련 매우 포괄적 개념으로, 장비 기능이나 용도명으로 대체필요; 산업 적용 범위 제한적.",단일 기업 사례 및 장비 카테고리 다양성이 불충분하여 특성 반영 어려움.,키워드 기준이 모호해 매칭 정확도 및 활용도가 제한적.,,기업 #2379#2379 | btp_support_history.support_item | 소형 RIM Driven Thruster 시제품 제작,산업용 드론 플랫폼_회전익_소형#3 | 기계가공/시험장비 > 자동화/이송 장비 > 로봇 @ 지사단지 || 산업용 드론 플랫폼 회전익 소형#37 | 기계가공/시험장비 > 자동화/이송 장비 > 비행장비 @ 지사단지 || 산업용 드론 플랫폼 회전익 소형 포획#190 | 기계가공/시험장비 > 자동화/이송 장비 > 비행장비 @ 지사단지 || 산업용 드론 플랫폼 회전익 소형#210 | 기계가공/시험장비 > 자동화/이송 장비 > 비행장비 @ 지사단지 || 오염물질 방출 성능평가 시스템#217 | 기계가공/시험장비 > 달리 분류되지 않는 기계가공/시험장비 > x @ 지사단지
Dynamic,revise,동적 동작 분석,Dynamic 관련 장비 검증,Dynamic 관련 장비 검증,광학/전자영상장비,카메라/영상처리장비,0.72,0.720,"기업/지원 데이터 1개 기업에서 Dynamic Balance 데이터를 활용한 APP 개발 사례가 있으며, 녹산거점 카메라 영상처리장비 11대가 관련됩니다.",1,1,11,4,btp_support_history.support_item,영어 단어 'Dynamic'을 '동적 동작 분석' 등 한글 표현으로 구체화해 전문성 및 직관성을 높임.,기업 문구와 광학 카메라 장비 활용이 명확히 연결됨.,영문 단어 단독 사용은 이해도 저하 및 노이즈 위험이 있어 한글화 권장.,"동적동작분석, 영상처리, 광학장비",기업 #1786#1786 | btp_support_history.support_item | Dynamic Balance 데이터 및 할룩스 매직 인솔을 활용한 운동 APP 시제품 개발,동영상 3차원 계측 및 동작분석 하이스피드카메라#36 | 광학/전자영상장비 > 카메라/영상처리장비 > 기타특수카메라 @ 녹산단지 || 이동형 모니터링 분석 시스템#97 | 임상의료장비 > 전문의학용특수장비 > 달리 분류되지 않는 전문의학용특수장비 || 무인비행장치 변위측정용 레이저 트래커#168 | 물리적측정장비 > 길이/위치/자세측정장비 > 길이측정장비 @ 지사단지 || 변형특성분석기#221 | 데이터처리장비 > 하드웨어 > 저장장치 @ 지사단지 || 동영상 3차원 계측 및 동작분석 하이스피드카메라#224 | 광학/전자영상장비 > 카메라/영상처리장비 > 기타특수카메라 @ 녹산단지
구조,keep,,구조 관련 장비 검증,구조 관련 장비 검증,광학/전자영상장비,현미경,0.72,0.720,기업/지원 데이터에서 1개 기업과 11개 장비가 '구조' 키워드와 일치하여 광학/전자영상장비 분야와 관련성이 높음이 확인되었습니다.,1,1,11,3,btp_support_history.support_item,"'구조' 키워드는 1개 기업과 11개 장비가 직접적으로 관련되어 있으나, 장비 분류가 광학현미경 등 특정 분야로 한정되어 있어 지나치게 넓지 않음.",식생 걸림 최소화 구조 관련 기업 문구와 다수 광학/전자영상장비 현미경류 장비가 직접 연관됨.,"너무 일반적인 용어로 분류하면 잡음 우려가 있으나, 장비 분류가 명확해 유지가 타당함.","기업수기반, 장비수기반, 장비분류연관",기업 #2379#2379 | btp_support_history.support_item | 식생 걸림 최소화 구조의 고출력 무인선박 개발을 위한 최적화 구조 및 적층 방안 전문가 자문,청정환기 소재 및 부품 복합 시험설비#134 | 기계가공/시험장비 > 달리 분류되지 않는 기계가공/시험장비 > x @ 지사단지 || 고해상도 광학현미경#199 | 광학/전자영상장비 > 현미경 > 광학현미경 @ 미음단지 || 산업용 드론 플랫폼 수중#201 | 기계가공/시험장비 > 자동화/이송 장비 > 달리 분류되지 않는 자동화/이송장비 @ 지사단지 || 그린카용 고전압 전장부품 전자파 시험실#206 | 전기/전자장비 > 측정시험장비 > 전자파측정시험장비 @ 지사단지 || 강우분사시험기#218 | 기계가공/시험장비 > 반도체장비 > 스프레이장비 @ 지사단지
주요,drop,,주요 관련 장비 검증,,,,0.72,0.720,,1,1,11,3,btp_support_history.support_item,"'주요' 키워드는 매우 일반적이며 기업 문구 1건, 장비 11건과 직접 텍스트 매칭되었으나 의미가 광범위해 잡음이 심할 가능성이 있음.",전시장 및 주요 관광지 관련 문구와 전자파측정시험장비가 혼재되어 명확한 산업함의가 부족함.,광범위한 단어로 인해 비관련 매칭이 다수 발생할 위험이 크므로 삭제 권장.,"일반어, 잡음위험",기업 #1049#1049 | btp_support_history.support_item | 전시장 및 주요 관광지 전망대용 증강현실(AR) 기반 망원경 기술사업화,주행차량 전자파 내성 측정 시스템#22 | 전기/전자장비 > 측정시험장비 > 전자파측정시험장비 @ 지사단지 || 완성차 방사내성 시험(RS)시험 시스템#55 | 전기/전자장비 > 측정시험장비 > 전자파측정시험장비 @ 지사단지 || 고전압_내성 시험시스템#62 | 전기/전자장비 > 측정시험장비 > 전자파측정시험장비 @ 지사단지 || 고전압_복사/전도 방출 시험시스템#81 | 전기/전자장비 > 측정시험장비 > 전자파측정시험장비 @ 지사단지 || 룸코너 테스터#127 | 기계가공/시험장비 > 재료물성시험장비 > 특성평가시스템 @ 미음단지
3축,revise,3축 동요 안정기,3축 관련 장비 검증,3축 동요 안정기 관련 장비 검증,기계가공/시험장비,자동화/이송 장비,0.715,0.715,"기업/지원 데이터내 1개 기업이 '3축 동요 안정기'를 명시하고, 관련 자동화/이송 장비 10대가 일치하여 특화된 장비군이 확인됩니다.",1,1,10,2,btp_support_history.support_item,'3축' 자체는 너무 광범위하므로 실제 기업 문구와 일치하는 '3축 동요 안정기'로 수정하여 관련 장비군과의 정확한 매칭 추구.,해상 충돌 방지 시스템에 적용된 3축 동요 안정기 기술 및 관련 자동화 장비군이 중복 확인됨.,포괄적 용어 사용 시 별개 3축 장비 포함 우려가 있어 상세 키워드가 필요함.,"키워드구체화, 기업문구중심, 장비분류연관",기업 #2080#2080 | btp_support_history.support_item | 3축 동요 안정기가 적용된 해상 충돌 방지 시스템용 주야간 감시 카메라 시제품 및 특허 지원,산업용 드론 플랫폼 회전익 소형#37 | 기계가공/시험장비 > 자동화/이송 장비 > 비행장비 @ 지사단지 || 산업용 드론 플랫폼 회전익 중형#69 | 기계가공/시험장비 > 자동화/이송 장비 > 비행장비 @ 지사단지 || 무선 근전도 시스템#124 | 임상의료장비 > 임상측정/진단장비 > 근전도측정/진단장비 @ 녹산단지 || 산업용 드론 플랫폼 회전익 중형#166 | 기계가공/시험장비 > 자동화/이송 장비 > 비행장비 @ 지사단지 || 산업용 드론 플랫폼 고정익 중형 하이브리드#177 | 기계가공/시험장비 > 자동화/이송 장비 > 비행장비 @ 지사단지
환경,keep,,환경 관련 장비 검증,환경 관련 장비 검증,화합물전처리/분석장비,분리분석장비,0.715,0.715,'환경' 키워드는 1개 기업과 10개 분리분석장비가 기업/지원 데이터에 걸쳐 확인되어 환경 관련 시험설비와 밀접함을 보여줍니다.,1,1,10,4,btp_support_history.support_item,환경 안전 관련 기업 문구와 분리분석장비 및 환경조성 시설장비가 다수 확인되어 의미가 구체적임.,근로자 안전 센싱 환경 설계 사례와 가스크로마토그래피 등 환경 시험장비군이 매칭됨.,광범위할 수 있지만 장비 카테고리 및 기업 문구가 구체적이라 유지 적합.,"기업기반, 장비카테고리기반, 연관도높음",기업 #1878#1878 | btp_support_history.support_item | 근로자 안전을 위한 시스템 서포트 붕괴 위험 진단 센싱 환경 설계 및 실증,완제품 및 인체영향 성능평가 시험환경#10 | 환경조성/생산/사육시설장비 > 환경조성형시설장비 > 사용환경모사시설장비 @ 녹산단지 || 샤시다이나모미터#140 | 물리적측정장비 > 힘/토오크/압력/진공측정장비 > 동력계 @ 지사단지 || 고저온만능시험기#150 | 기계가공/시험장비 > 재료물성시험장비 > 진동내구시험장비 @ 지사단지 || 무인비행장치 변위측정용 레이저 트래커#168 | 물리적측정장비 > 길이/위치/자세측정장비 > 길이측정장비 @ 지사단지 || 자동차용 실내 에어필터(cabin)의 가스오염물질 여과 성능평가 시스템#193 | 화합물전처리/분석장비 > 분리분석장비 > 가스크로마토그래피 @ 지사단지
스마트,revise,스마트 안전 관리 시스템,스마트 관련 장비 검증,스마트 안전 관리 시스템 관련 장비 검증,물리적측정장비,힘/토오크/압력/진공측정장비,0.705,0.705,"기업/지원 데이터의 1개사에서 '스마트'와 ICT 융복합 안전관리 구문을 사용하였으며, 관련 힘·토오크·압력 측정장비 8대와 연결됩니다.",1,1,8,3,btp_support_history.support_item,'스마트'는 너무 포괄적이므로 ICT 융복합 안전관리 시스템 등으로 상세화해 장비와 기업 문구 간 명확한 연계성 확보 필요.,스마트 밴드 연계 선박 승선원 안전관리와 자세 측정기 등 물리적 측정장비 다수가 연관됨.,너무 광범위한 '스마트' 용어는 일반적인 용도 확장으로 잡음 유발 가능.,"키워드구체화, 융합기술연관, 장비분류기반",기업 #2379#2379 | btp_support_history.support_item | 스마트 밴드를 활용한 ICT 융복합 선박 승선원 안전관리시스템 기술,일상생활 실증평가실#11 | 환경조성/생산/사육시설장비 > 환경조성형시설장비 > 사용환경모사시설장비 @ 다대단지 || 무인비행장치 변위측정용 레이저 트래커#168 | 물리적측정장비 > 길이/위치/자세측정장비 > 길이측정장비 @ 지사단지 || 정적 자세 및 균형 측정기 2호#425 | 물리적측정장비 > 힘/토오크/압력/진공측정장비 > 달리 분류되지 않는 힘/토오크/압력/진공 측정장비 @ 녹산단지 || 정적 자세 및 균형 측정기 1호#426 | 물리적측정장비 > 힘/토오크/압력/진공측정장비 > 달리 분류되지 않는 힘/토오크/압력/진공 측정장비 @ 녹산단지 || 맞춤인솔분석기#428 | 기계가공/시험장비 > 성형/가공 장비 > 달리 분류되지 않는 성형/가공장비 @ 녹산단지
방지,revise,충돌 방지 시스템,방지 관련 장비 검증,충돌 방지 시스템 관련 장비 검증,기계가공/시험장비,열유체장비,0.7,0.700,"1개 기업의 '방지' 관련 주야간 감시 카메라 시제품이 포함된 충돌 방지 시스템과, 열유체장비 7대가 특정 분류에 집중되어 나타납니다.",1,1,7,3,btp_support_history.support_item,'방지' 단어가 너무 광범위하므로 해상 충돌 방지 시스템 등으로 명확히 구분해 잡음 감소가 필요함.,3축 동요 안정기와 연계된 충돌 방지 시스템 관련 기업 문구와 건조기 등 시험장비군이 관련됨.,광범위 키워드는 비관련 매칭 증가 위험 있으므로 상세 키워드 추천.,"키워드구체화, 관련장비집중, 기업문구기반",기업 #2080#2080 | btp_support_history.support_item | 3축 동요 안정기가 적용된 해상 충돌 방지 시스템용 주야간 감시 카메라 시제품 및 특허 지원,혼합 시스템#96 | 기계가공/시험장비 > 열유체장비 > 건조기 @ 일광단지 || 자동차용 실내 에어필터(cabin)의 가스오염물질 여과 성능평가 시스템#193 | 화합물전처리/분석장비 > 분리분석장비 > 가스크로마토그래피 @ 지사단지 || 항온 항습설비#203 | 기계가공/시험장비 > 열유체장비 > 항온/항습기 @ 다대단지 || 다축 모터 하중인가 시험기#226 | 기계가공/시험장비 > 재료물성시험장비 > 만능시험기 @ 다대단지 || 자동차용 실내 에어필터의 미세먼지 여과 성능평가 시스템#332 | 기계가공/시험장비 > 재료물성시험장비 > 특성평가시스템 @ 지사단지
장비의,drop,,장비의 관련 장비 검증,,,,0.7,0.700,,1,1,7,4,btp_support_history.support_item,"'장비의'는 조사 포함된 매우 일반적인 단어로, 1개 기업 7개 장비 매칭에도 불구하고 아무런 고유 기술 개념 전달 불가.",기업 문구 내 '장비의'는 단순 소유격 조사로서 의미 범위가 너무 넓음.,검색 잡음 발생 가능성 커서 현행 유지 불가하고 삭제 권장.,"일반어, 잡음위험",기업 #2379#2379 | btp_support_history.support_item | 파공 방수패드 장비의 성능 개선 및 제작,퓨리에 변환 적외선 분광기#87 | 화합물전처리/분석장비 > 분광분석장비 > 푸리에변환적외선분광기 || 룸코너 테스터#127 | 기계가공/시험장비 > 재료물성시험장비 > 특성평가시스템 @ 미음단지 || 오염물질 방출 성능평가 시스템#217 | 기계가공/시험장비 > 달리 분류되지 않는 기계가공/시험장비 > x @ 지사단지 || 3차원 다관절 스캐너#229 | 광학/전자영상장비 > 카메라/영상처리장비 > 스캐너 @ 엄궁단지 || 해외규격인증 개인착용형 호흡기 보호구(PPE) 시험 시스템#255 | 기계가공/시험장비 > 달리 분류되지 않는 기계가공/시험장비 > x @ 지사단지
시뮬레이터,keep,,시뮬레이터 관련 장비 검증,시뮬레이터 관련 장비 검증,전기/전자장비,분석장비,0.695,0.695,"1개 기업이 VR·AR 시뮬레이터를 주요 제품으로 명시하며, 6개 관련 분석장비가 여러 거점에 분포되어 있습니다.",1,1,6,5,btp_support_history.main_product,시뮬레이터는 기술적 특화 분야로 기업 및 다수 장비가 주요도로 관련되어 유지에 적합함.,VR교육훈련장비와 전자기 시뮬레이터 등 분석장비가 다수 일치함.,일반 단어 대비 구체적 기술 용어라 안정적 활용 가능.,"기술특화, 장비분포다지역, 주요제품연관","기업 #1049#1049 | btp_support_history.main_product | VR교육훈련장비, VR콘텐츠, AR/VR 시뮬레이터",전자기 시뮬레이터#35 | 전기/전자장비 > 분석장비 > 신호분석기 @ 엄궁단지 || 250kW 모터 다이나모 시스템#165 | 물리적측정장비 > 힘/토오크/압력/진공측정장비 > 동력계 @ 생곡단지 || 리크시험기#220 | 물리적측정장비 > 유체특성측정장비 > 유량계/수량계 @ 생곡단지 || 해외규격인증 개인착용형 호흡기 보호구(PPE) 시험 시스템#255 | 기계가공/시험장비 > 달리 분류되지 않는 기계가공/시험장비 > x @ 지사단지 || 위성영상 교육용 시뮬레이터 서버 가상화시스템#347 | 데이터처리장비 > 하드웨어 > 서버 @ 영도단지
안전,revise,해양 안전 장비,안전 관련 장비 검증,해양 안전 장비 검증,기계가공/시험장비,재료물성시험장비,0.695,0.695,기업/지원 데이터에 명시된 해양 안전 및 구난 장비 관련 1개 기업과 6개 장비가 재료물성시험 중심으로 연결됩니다.,1,1,6,3,btp_support_history.main_product,'안전' 키워드는 포괄적이므로 해양 안전 등 특정 분야로 좁혀 잡음 최소화 필요.,해양 안전 구난 장비 기업과 고저온만능시험기 등 시험장비가 매칭됨.,일반 안전 용어로 잡음 증가 가능성 있음.,"키워드구체화, 기업문구중심, 장비분류연관","기업 #2379#2379 | btp_support_history.main_product | 해양 안전, 구난 장비",일상생활 실증평가실#11 | 환경조성/생산/사육시설장비 > 환경조성형시설장비 > 사용환경모사시설장비 @ 다대단지 || 고저온만능시험기#150 | 기계가공/시험장비 > 재료물성시험장비 > 진동내구시험장비 @ 지사단지 || 근기능 증진 분석 시스템#154 | 임상의료장비 > 임상측정/진단장비 > 달리 분류되지 않는 임상측정/진단장비 @ 다대단지 || 420kW 모터 다이나모 시스템#169 | 물리적측정장비 > 힘/토오크/압력/진공측정장비 > 동력계 @ 생곡단지 || 기계제어식 높이조절 경사로#246 | 기계가공/시험장비 > 재료물성시험장비 > 달리 분류되지 않는 재료물성시험장비
IR,revise,IR 열화상 카메라,IR 관련 장비 검증,IR 열화상 카메라 관련 장비 검증,기계가공/시험장비,자동화/이송 장비,0.69,0.690,"1개 기업이 'IR' 관련 내용 기재하며, 광학열화상카메라 포함 5개 자동화/이송 장비가 거점에 흩어져 있습니다.",1,1,5,3,btp_support_history.support_item,'IR' 용어는 광범위하므로 IR 열화상 카메라 등 특정 장비명 중심으로 제한하는 것이 잡음 방지에 효과적임.,IR 스토리 공유 기업과 열화상 카메라 등 장비 매칭 데이터 기반.,단독 IR 용어는 과도한 범위 포함 가능성이 있어 수정 권장.,"키워드구체화, 장비군연계, 기업연관",기업 #1786#1786 | btp_support_history.support_item | IR 스토리 및 피칭,산업용 드론 플랫폼 회전익 소형#37 | 기계가공/시험장비 > 자동화/이송 장비 > 비행장비 @ 지사단지 || 산업용 드론 플랫폼 회전익 소형#210 | 기계가공/시험장비 > 자동화/이송 장비 > 비행장비 @ 지사단지 || 열화상 측정 장비#275 | 광학/전자영상장비 > 카메라/영상처리장비 > 열화상카메라 @ 다대단지 || 모션캡쳐 시스템#318 | 광학/전자영상장비 > 카메라/영상처리장비 > 모션캡쳐카메라 @ 지사단지 || 광학성능평가시스템#468 | 광학/전자영상장비 > 달리 분류되지 않는 광학/전자영상장비 > x @ 영도단지
적용한,drop,,적용한 관련 장비 검증,,,,0.69,0.690,"'적용한' 키워드는 너무 일반적이며 단 1개 기업, 소스 매치만 존재해 노이즈 우려가 큽니다.",1,1,5,1,btp_support_history.support_item,키워드가 지나치게 광범위하고 구체적 기술이나 기능을 지칭하지 않아 불필요한 매칭이 발생할 위험이 있습니다.,1개 기업과 1개 소스에서 발견되었으나 키워드 범위가 넓고 특성화된 기능 또는 장비와 연관성이 약합니다.,기계적 용어 또는 문장 내 일반 단어로 오탐 가능성이 높아 검색 품질 저하 우려가 있습니다.,"일반단어, 과도한포괄성",기업 #1786#1786 | btp_support_history.support_item | 압전 에너지 하베스팅을 적용한 에코 할룩스 매직 기능성 인솔 시제품 제작,정적 자세 및 균형 측정기 2호#425 | 물리적측정장비 > 힘/토오크/압력/진공측정장비 > 달리 분류되지 않는 힘/토오크/압력/진공 측정장비 @ 녹산단지 || 정적 자세 및 균형 측정기 1호#426 | 물리적측정장비 > 힘/토오크/압력/진공측정장비 > 달리 분류되지 않는 힘/토오크/압력/진공 측정장비 @ 녹산단지 || 맞춤인솔분석기#428 | 기계가공/시험장비 > 성형/가공 장비 > 달리 분류되지 않는 성형/가공장비 @ 녹산단지 || 보행분석기 2호#431 | 물리적측정장비 > 힘/토오크/압력/진공측정장비 > 달리 분류되지 않는 힘/토오크/압력/진공 측정장비 @ 녹산단지 || 보행분석기 1호#432 | 물리적측정장비 > 힘/토오크/압력/진공측정장비 > 달리 분류되지 않는 힘/토오크/압력/진공 측정장비 @ 녹산단지
AR,revise,증강현실(AR),AR 관련 장비 검증,증강현실(AR) 관련 장비 검증,기계가공/시험장비,반도체장비,0.685,0.685,1개 기업의 증강현실(AR) 기술사업화 사례가 고유 반도체장비 4종과 연관되어 확인되었습니다.,1,1,4,1,btp_support_history.support_item,"'AR'은 약어로 광범위하지만, 증강현실(AR)로 구체화하여 기술 분야 명확화가 필요합니다.",1개 기업과 소스 내에 증강현실 관련 내용이 있으며 반도체 장비 예시 4종과 직접 연관 됩니다.,짧은 약어 단어는 다른 분야에서 중복 사용될 수 있으므로 구체적 명칭으로 재정의 필요.,"약어, 기술명확성, 특정기술",기업 #1049#1049 | btp_support_history.support_item | 전시장 및 주요 관광지 전망대용 증강현실(AR) 기반 망원경 기술사업화,퍼니스(RTP)#14 | 기계가공/시험장비 > 반도체장비 > 퍼니스 @ 장전단지 || 건식 식각기(Metal)#16 | 기계가공/시험장비 > 반도체장비 > 식각장비 @ 장전단지 || 스퍼터#161 | 기계가공/시험장비 > 반도체장비 > 스퍼터 @ 장전단지 || 건식식각기#204 | 기계가공/시험장비 > 반도체장비 > 식각장비 @ 장전단지
Balance,revise,동적균형,Balance 관련 장비 검증,동적균형 관련 장비 검증,화합물전처리/분석장비,분리정제장비,0.685,0.685,1개 기업의 동적 균형 데이터 및 운동 앱 개발 사례가 분리정제장비 4종 및 2개 거점과 연계되어 있습니다.,1,1,4,2,btp_support_history.support_item,'Balance'는 영어 단어로 광범위하므로 '동적균형'으로 구체화하여 의미를 명확히 하는 게 적합합니다.,"1개 기업 데이터와 2개 거점, 4개 장비가 동적균형 기능과 직접 연관되어 있습니다.",일반 영어 단어 사용 시 의도되지 않은 노이즈 발생 가능성이 존재합니다.,"영어단어, 기능명확화, 특성화",기업 #1786#1786 | btp_support_history.support_item | Dynamic Balance 데이터 및 할룩스 매직 인솔을 활용한 운동 APP 시제품 개발,고속원심분리기#66 | 화합물전처리/분석장비 > 분리정제장비 > 원심분리기 @ 일광단지 || 균형 측정 평가 장비#160 | 임상의료장비 > 전문의학용특수장비 > 재활치료용검사장비 @ 다대단지 || 가상현실기반 동적균형능력 평가 장비#249 | 광학/전자영상장비 > 카메라/영상처리장비 > 모션캡쳐카메라 @ 다대단지 || 지면반력 센서#252 | 물리적측정장비 > 힘/토오크/압력/진공측정장비 > 달리 분류되지 않는 힘/토오크/압력/진공 측정장비 @ 다대단지
균형,keep,,균형 관련 장비 검증,균형 관련 장비 검증,물리적측정장비,힘/토오크/압력/진공측정장비,0.685,0.685,1개 기업 제품 및 4종 힘/토오크 측정장비가 2개 거점에서 균형 관련 핵심 기술로 사용되고 있습니다.,1,1,4,2,btp_support_history.main_product,'균형' 키워드는 관련 제품과 연계된 특수 측정 장비들과 연관성이 뚜렷해 유지가 적합합니다.,"1개 기업과 2개 거점, 4종 장비가 균형 측정과 직접 결부되어 구체적 증거가 충분합니다.",다만 'Balance'와 중복 가능성 있으므로 통일 규칙 수립 필요할 수 있습니다.,"한글키워드, 측정기기, 기능특화","기업 #1786#1786 | btp_support_history.main_product | 기능성 깔창, 균형 능력 측정 장비",근기능 증진 분석 시스템#154 | 임상의료장비 > 임상측정/진단장비 > 달리 분류되지 않는 임상측정/진단장비 @ 다대단지 || 균형 측정 평가 장비#160 | 임상의료장비 > 전문의학용특수장비 > 재활치료용검사장비 @ 다대단지 || 정적 자세 및 균형 측정기 2호#425 | 물리적측정장비 > 힘/토오크/압력/진공측정장비 > 달리 분류되지 않는 힘/토오크/압력/진공 측정장비 @ 녹산단지 || 정적 자세 및 균형 측정기 1호#426 | 물리적측정장비 > 힘/토오크/압력/진공측정장비 > 달리 분류되지 않는 힘/토오크/압력/진공 측정장비 @ 녹산단지
소재,drop,,소재 관련 장비 검증,,,,0.685,0.685,'소재' 키워드는 1개 기업에서 사용되었으나 범위가 너무 광범위하여 관련 장비 분류와 혼재 우려가 큽니다.,1,1,4,3,btp_support_history.support_item,매우 일반적 단어로 장비와 기술 분류 간 중복과 노이즈가 과대 예상됩니다.,"1개 기업, 4개 장비, 3개 거점에서 발견되나 키워드 자체가 재료/성분 등 너무 포괄적입니다.","검색 시 제조, 재료, 부품 등 여러 분야가 함께 노출될 위험이 커 필터링 불필요합니다.","포괄단어, 노이즈위험, 범용어",기업 #616#616 | btp_support_history.support_item | 스테인리스강 이형형상 소재 제조를 위한 최적화 냉간가공 인발 금형 설계 및 시제품 제작,듀얼 시선 추적장비#73 | 임상의료장비 > 임상측정/진단장비 > 달리 분류되지 않는 임상측정/진단장비 @ 엄궁단지 || 청정환기 소재 및 부품 복합 시험설비#134 | 기계가공/시험장비 > 달리 분류되지 않는 기계가공/시험장비 > x @ 지사단지 || 듀얼 시선 추적장비#330 | 임상의료장비 > 임상측정/진단장비 > 달리 분류되지 않는 임상측정/진단장비 @ 엄궁단지 || 만능재료 시험기#417 | 기계가공/시험장비 > 재료물성시험장비 > 만능시험기 @ 다대단지
적층,keep,,적층 관련 장비 검증,적층 관련 장비 검증,환경조성/생산/사육시설장비,생산시설장비,0.685,0.685,1개 기업의 고출력 무인선박 적층 구조 연구가 2개 거점의 4종 생산 시설장비와 밀접히 맞물려 확인됩니다.,1,1,4,2,btp_support_history.support_item,'적층' 키워드는 구체적 생산시설 장비와 연계되어 기술적 의미가 뚜렷해 유지 적합합니다.,4개 장비 및 2개 거점에서 적층 관련 구체적 설비와 직접 연결된 자료가 존재합니다.,유사 단어 혼재 가능성은 낮아 매칭 정확도가 높습니다.,"세부기술, 제조공정, 장비연계",기업 #2379#2379 | btp_support_history.support_item | 식생 걸림 최소화 구조의 고출력 무인선박 개발을 위한 최적화 구조 및 적층 방안 전문가 자문,나노스펙#172 | 물리적측정장비 > 길이/위치/자세측정장비 > 위치/자세측정장비 @ 장전단지 || 폴리젯 3D프린터#380 | 환경조성/생산/사육시설장비 > 생산시설장비 > 달리 분류되지 않는 생산시설장비 @ 엄궁단지 || 디지털라이트 3D프린터#385 | 환경조성/생산/사육시설장비 > 생산시설장비 > 달리 분류되지 않는 생산시설장비 @ 엄궁단지 || FDM 소형 3D프린터#386 | 환경조성/생산/사육시설장비 > 생산시설장비 > 달리 분류되지 않는 생산시설장비 @ 엄궁단지
능력,drop,,능력 관련 장비 검증,,,,0.68,0.680,'능력' 키워드는 1개 기업에서 발견되었지만 너무 일반적이며 열유체장비와 의미 연결이 모호합니다.,1,1,3,2,btp_support_history.main_product,매우 광범위한 의미로 다양한 분야에서 사용되어 불필요 매칭이 다수 발생할 수 있습니다.,"1개 기업과 3개 장비, 2개 거점에서 발견되었으나 기능 또는 장비와 결부된 고유성이 낮습니다.",범용 단어 사용으로 검색 정확도 저하 및 과다 노출 위험이 큽니다.,"일반명사, 광범위, 노이즈","기업 #1786#1786 | btp_support_history.main_product | 기능성 깔창, 균형 능력 측정 장비","가습기, 제습기,히터, Heat Pump 평가설비#30 | 기계가공/시험장비 > 열유체장비 > 열교환기 @ 지사단지 || 환기용 공기청정기 성능평가 시스템#72 | 기계가공/시험장비 > 열유체장비 > 유체정화기 @ 지사단지 || 엑스 레이#176 | 광학/전자영상장비 > 카메라/영상처리장비 > X-선/자외선/적외선카메라 @ 장전단지"
만족하는,drop,,만족하는 관련 장비 검증,,,,0.68,0.680,'만족하는'은 1개 기업에서 사용됐지만 의미상 포괄적이고 구체적 장비 특성과 부합하지 않습니다.,1,1,3,1,btp_support_history.support_item,"기술 또는 장비 성능과 직접 연결된 용어가 아니며, 텍스트 내 단순 상태 표현입니다.",1개 기업과 3개 장비가 확인되었으나 키워드 범위가 매우 일반적입니다.,중복 및 오탐 발생 가능성이 높아 키워드로 활용은 부적절합니다.,"상태표현, 부적격, 일상어",기업 #1730#1730 | btp_support_history.support_item | 영하 52℃ ARC7 ICE등급 및 IMO Polar Code를 만족하는 Mushroom Ventilator 사업화 지원,진동감지 평가시스템#285 | 물리적측정장비 > 음향/소음/진동/충격/초음파측정장비 > 진동계 @ 수안단지 || 에릭슨 도장시펀 박리시험기#389 | 기계가공/시험장비 > 재료물성시험장비 > 달리 분류되지 않는 재료물성시험장비 || 점도계#395 | 물리적측정장비 > 유체특성측정장비 > 점도계
진단,keep,,진단 관련 장비 검증,진단 관련 장비 검증,화합물전처리/분석장비,분광분석장비,0.68,0.680,1개 기업의 붕괴 위험 진단 시스템이 2개 거점의 분광분석장비 3종과 직결되고 있습니다.,1,1,3,2,btp_support_history.support_item,진단은 전문 분석 장비와 명확한 기술적 연관성을 가져 유지가 적합합니다.,"3개 장비, 2개 거점 내에서 진단 관련 데이터가 직접 연계되어 의미 있는 매칭입니다.",범용어이지만 특정 장비 및 기술과 결합돼 오탐 위험은 상대적으로 작습니다.,"전문기술, 분광분석, 진단장비",기업 #1878#1878 | btp_support_history.support_item | 근로자 안전을 위한 시스템 서포트 붕괴 위험 진단 센싱 환경 설계 및 실증,퓨리에 변환 적외선 분광기#87 | 화합물전처리/분석장비 > 분광분석장비 > 푸리에변환적외선분광기 || 재사용배터리 품질보증 평가시스템#341 | 전기/전자장비 > 측정시험장비 > 달리 분류되지 않는 측정시험장비 @ 생곡단지 || 3차원 발 측정 시스템#460 | 광학/전자영상장비 > 이미지분석장비 > 달리 분류되지 않는 이미지분석장비 @ 개금단지
탈부착,revise,원격 탈부착,탈부착 관련 장비 검증,원격 탈부착 관련 장비 검증,기계가공/시험장비,자동화/이송 장비,0.68,0.680,1개 기업의 원격 탈부착 사다리 기술이 2개 거점 자동화 이송 장비 3종과 직접 관련되어 발견되었습니다.,1,1,3,2,btp_support_history.main_product,'탈부착' 단어만으로는 광범위해 '원격 탈부착'으로 구체화하여 기술 특성을 명확히 하는 것이 바람직합니다.,"1개 기업, 3종 자동화/이송 장비, 2개 거점에서 원격 탈부착 기능과 밀접한 관련성이 확인됩니다.",단순 용어 사용 시 다양한 부품/기술 혼재 가능성 있으므로 구체화 필요합니다.,"기술특화, 자동화, 용어구체화","기업 #2379#2379 | btp_support_history.main_product | 선박 파공방수패드, 원격 탈부착 사다리, 사다리 고정장치, 잔존유 배출장치, 화재 예방 제",혼합 시스템#96 | 기계가공/시험장비 > 열유체장비 > 건조기 @ 일광단지 || 산업용 드론 플랫폼 회전익 소형 포획#190 | 기계가공/시험장비 > 자동화/이송 장비 > 비행장비 @ 지사단지 || 산업용 드론 플랫폼 회전익 소형 포획#297 | 기계가공/시험장비 > 자동화/이송 장비 > 비행장비 @ 지사단지
화재,keep,,화재 관련 장비 검증,,환경조성/생산/사육시설장비,환경조성형시설장비,0.68,0.680,{sourceField}에서 1개 기업과 3개 장비에서 '화재' 관련 장비가 환경조성형시설장비로 확인되었습니다.,1,1,3,3,btp_support_history.main_product,화재 관련 키워드는 3개 장비와 3개 거점에서 관련성이 높아 특정 환경조성형시설장비군과 잘 연관되어 있어 유지가 적절합니다.,한 기업의 주요제품 내 직접적 화재 관련 표현과 환경조성형 시설장비 3종이 중복되어 나타났음.,너무 광범위하면 노이즈가 생길 수 있지만 본 사례는 장비 구체성과 출현 빈도로 리스크가 낮음.,"안전, 환경, 감지","기업 #2379#2379 | btp_support_history.main_product | 선박 파공방수패드, 원격 탈부착 사다리, 사다리 고정장치, 잔존유 배출장치, 화재 예방 제",일상생활 실증평가실#11 | 환경조성/생산/사육시설장비 > 환경조성형시설장비 > 사용환경모사시설장비 @ 다대단지 || 화재감시 센서 플랫폼#274 | 광학/전자영상장비 > 카메라/영상처리장비 > 모니터 @ 수안단지 || 복합소재 발연성 및 유독가스 측정장비#374 | 기계가공/시험장비 > 달리 분류되지 않는 기계가공/시험장비 > 소분류 선택 @ 미음단지
신체,keep,,신체 관련 장비 검증,,임상의료장비,임상측정/진단장비,0.675,0.675,{sourceField}에서 보행 교정 제품 개발 문구가 1개 기업과 2개 임상측정장비와 일치하여 '신체' 키워드를 확인했습니다.,1,1,2,2,btp_support_history.support_item,신체 관련 키워드는 의료 진단장비와 2개 장비·거점에 나타나 일관성 높고 산업적으로 명확하여 유지가 적합합니다.,기업 실제 지원 항목에서 신체 움직임 교정 관련 문구와 의료 측정 장비 간 직접 중복이 관찰됨.,추상적일 수 있으나 현 예시는 구체적 사용 사례가 포함되어 무난함.,"의료, 건강, 운동",기업 #1786#1786 | btp_support_history.support_item | 보행 시 발 아치 능동적 교정 및 신체 압력 중심 이동 궤적 개선을 통한 고령자 맞춤형 발바닥 근육 강화 인솔 개발,이동형 신체 움직임 측정 장비#214 | 임상의료장비 > 임상측정/진단장비 > 임상추적/인식측정/진단장비 @ 엄궁단지 || 주로형 지면반발력 측정용 시스템#282 | 임상의료장비 > 전문의학용특수장비 > 달리 분류되지 않는 전문의학용특수장비 @ 녹산단지
실증,revise,실증테스트,실증 관련 장비 검증,실증테스트 관련 장비 검증,기계가공/시험장비,달리 분류되지 않는 기계가공/시험장비,0.675,0.675,{sourceField}에서 실증 관련 1개 기업과 시험장비 2개가 실제 테스트 환경과 연관되어 '실증테스트' 용어로 확인됩니다.,1,1,2,1,btp_support_history.support_item,'실증'은 너무 일반적이므로 '실증테스트'로 구체화하여 시험장비와의 명확한 연관성을 강조했습니다.,지원 항목 내 실증 관련 구체적 시험 사례와 시험장비 분류의 직접 연결 확인.,너무 광범위한 실증 단어는 과다 매칭 위험이 있으므로 세분화 제안.,"시험, 검증, 현장",기업 #1878#1878 | btp_support_history.support_item | 근로자 안전을 위한 시스템 서포트 붕괴 위험 진단 센싱 환경 설계 및 실증,청정환기 소재 및 부품 복합 시험설비#134 | 기계가공/시험장비 > 달리 분류되지 않는 기계가공/시험장비 > x @ 지사단지 || 하이드롤리시스 해중합 나일론 섬유 실증 테스트베드#467 | 화합물전처리/분석장비 > 반응/혼합/분쇄장비 > 반응장비 @ 지사단지
자동제어,keep,,자동제어 관련 장비 검증,,기계가공/시험장비,달리 분류되지 않는 기계가공/시험장비,0.675,0.675,{sourceField}에서 자동제어 버터플라이 밸브 관련 1개 기업과 시험장비 2개가 동시 출현하며 자동제어 분야 관련성을 보여줍니다.,1,1,2,1,btp_support_history.support_item,자동제어 키워드는 기업 사례와 시험장비가 직접 연계되어 있어 산업현장 제어 장비 검증에 적합합니다.,구체적 자동제어 제품명과 시험장비의 기능이 직접 중복되어 확인됨.,범용성은 있으나 산업 특수성을 고려할 때 유지가 유리함.,"제어, 자동화, 기계",기업 #1178#1178 | btp_support_history.support_item | 수소가스 생산설비용 자동제어 버터플라이 밸브,해외규격인증 개인착용형 호흡기 보호구(PPE) 시험 시스템#255 | 기계가공/시험장비 > 달리 분류되지 않는 기계가공/시험장비 > x @ 지사단지 || 자동차용 실내 에어필터의 미세먼지 여과 성능평가 시스템#332 | 기계가공/시험장비 > 재료물성시험장비 > 특성평가시스템 @ 지사단지
적용된,drop,,적용된 관련 장비 검증,,,,0.675,0.675,,1,1,2,1,btp_support_history.support_item,'적용된'은 매우 일반적 단어로 다수 매칭 가능해 노이즈가 심해 실질적 기능명으로서 부적절합니다.,'적용된'은 문맥에 따라 너무 광범위하게 사용되어 특정 장비분류와 연계가 약함.,키워드로서 구체적 산업 기능 검증에는 오히려 혼란과 불필요한 중복 발생 위험.,,기업 #2080#2080 | btp_support_history.support_item | 3축 동요 안정기가 적용된 해상 충돌 방지 시스템용 주야간 감시 카메라 시제품 및 특허 지원,고저온만능시험기#150 | 기계가공/시험장비 > 재료물성시험장비 > 진동내구시험장비 @ 지사단지 || 전기자동차 전자파 디버깅 시스템#288 | 전기/전자장비 > 자기력발생/측정/응용장비 > 자기력측정장비
중심,drop,,중심 관련 장비 검증,,,,0.675,0.675,,1,1,2,1,btp_support_history.support_item,단어 '중심'은 아키텍처나 용어 등 다양한 곳에서 광범위하게 사용되어 노이즈가 많으므로 제외가 타당합니다.,지원 항목 내 단어가 임상의료 포함 다양한 분야에 분산되어 특정 기능 검증과 묶기 어렵습니다.,"과다 일반어로 인해 키워드 역할 불량, 매칭 신뢰도 저하 우려.",,기업 #1786#1786 | btp_support_history.support_item | 보행 시 발 아치 능동적 교정 및 신체 압력 중심 이동 궤적 개선을 통한 고령자 맞춤형 발바닥 근육 강화 인솔 개발,근기능 증진 분석 시스템#154 | 임상의료장비 > 임상측정/진단장비 > 달리 분류되지 않는 임상측정/진단장비 @ 다대단지 || 브레이크 피로시험 측정장비#412 | 기계가공/시험장비 > 재료물성시험장비 > 작동내구시험기 @ 다대단지
충돌방지,keep,,충돌방지 관련 장비 검증,,기계가공/시험장비,자동화/이송 장비,0.675,0.675,{sourceField}의 선박 충돌방지 기술 정보와 자동화 이송 장비 2종이 1개 기업 거점에서 매칭되어 '충돌방지' 키워드가 의미있게 확인되었습니다.,1,1,2,1,btp_support_history.support_item,충돌방지 키워드는 특정 산업용 자동화 장비와 기업 사례가 포착되어 전문화가 적절합니다.,선박 충돌방지 시스템 지원정보와 드론 자동화 장비들이 직접 연계되어 입증됨.,이용도 및 특수성을 고려하면 유지하며 노이즈 위험 적음.,"자동화, 안전, 드론",기업 #2080#2080 | btp_support_history.support_item | 선박해상 충돌방지 시스템,산업용 드론 플랫폼 회전익 중형#69 | 기계가공/시험장비 > 자동화/이송 장비 > 비행장비 @ 지사단지 || 산업용 드론 플랫폼 회전익 중형#166 | 기계가공/시험장비 > 자동화/이송 장비 > 비행장비 @ 지사단지
해상,drop,,해상 관련 장비 검증,,,,0.675,0.675,,1,1,2,1,btp_support_history.support_item,'해상'은 다수 문서에 단순 지리적 표기로 반복되어 의미적 구분이 어렵고 노이즈가 큽니다.,기업 텍스트 내 해상 관련 여러 문맥에서 포괄적 사용되며 장비와 직접 연관성 낮음.,중복성 및 모호성으로 키워드 활용에 불리해 삭제 권장.,,기업 #2080#2080 | btp_support_history.support_item | 3축 동요 안정기가 적용된 해상 충돌 방지 시스템용 주야간 감시 카메라 시제품 및 특허 지원,산업용 드론 플랫폼 회전익 소형#37 | 기계가공/시험장비 > 자동화/이송 장비 > 비행장비 @ 지사단지 || 산업용 드론 플랫폼 회전익 소형#210 | 기계가공/시험장비 > 자동화/이송 장비 > 비행장비 @ 지사단지
52,drop,,52 관련 장비 검증,,,,0.67,0.670,,1,1,1,1,btp_support_history.support_item,숫자 '52' 키워드는 의미가 불명확하고 특정 산업 기능 설명 역할 없음으로 삭제가 적절합니다.,52℃ 온도 정보는 단일 사례이며 키워드로서 범용성이 전무함.,숫자 단독 키워드는 혼란과 과잉 매칭 위험 존재.,,기업 #1730#1730 | btp_support_history.support_item | 영하 52℃ ARC7 ICE등급 및 IMO Polar Code를 만족하는 Mushroom Ventilator 사업화 지원,야외 활동 시험용 3차원 무선 모션캡쳐 시스템#110 | 물리적측정장비 > 길이/위치/자세측정장비 > 달리 분류되지 않는 길이/위치/자세측정장비 @ 녹산단지
APP,revise,운동 APP,APP 관련 장비 검증,운동 앱 관련 장비 검증,임상의료장비,임상측정/진단장비,0.67,0.670,{sourceField}에서 운동 관련 APP 개발 사례와 임상측정 장비 1건이 매칭되어 '운동 APP'으로 키워드를 구체화했습니다.,1,1,1,1,btp_support_history.support_item,APP은 너무 일반적이므로 '운동 APP'으로 구체화해 의료 운동 관련 장비와의 연결성을 높였습니다.,운동 관련 APP 개발 문구와 임상측정 장비가 산업적 맥락에서 직접 연관됨.,과도한 일반화로 인한 불명확성 완화 필요.,"모바일, 운동, 의료",기업 #1786#1786 | btp_support_history.support_item | Dynamic Balance 데이터 및 할룩스 매직 인솔을 활용한 운동 APP 시제품 개발,인지 정보분석 시스템#194 | 임상의료장비 > 임상측정/진단장비 > 달리 분류되지 않는 임상측정/진단장비 @ 다대단지
LIQUID,revise,액체분리장비,LIQUID 관련 장비 검증,액체분리장비 관련 장비 검증,전기/전자장비,측정시험장비,0.67,0.670,"기업 1곳에서 고액분리기(SOLID LIQUID SEPARATOR) 관련으로 btp_support_history.main_product에서 확인된 액체 관련 장비이며, 전기/전자장비 측정시험장비 분류와 일치합니다.",1,1,1,1,btp_support_history.main_product,"'LIQUID'는 너무 광범위하여 불필요한 노이즈가 발생할 수 있어, 구체적인 '액체분리장비'로 수정해 정확도를 높임.",한 기업의 제품명과 전기/전자측정시험장비 카테고리 내 장비와 직접 연관되어 있음.,너무 광범위한 키워드 사용시 무의미한 매칭 발생 가능성 있음.,"장비분류, 제품명, 기업데이터",기업 #117#117 | btp_support_history.main_product | 고액분리기(SOLID LIQUID SEPARATOR),RF 파워증폭기#306 | 전기/전자장비 > 측정시험장비 > 전자파측정시험장비 @ 지사단지
고정장치,keep,,고정장치 관련 장비 검증,,기계가공/시험장비,달리 분류되지 않는 기계가공/시험장비,0.67,0.670,"기업 1곳의 btp_support_history.main_product에서 사다리 고정장치와 직접 관련된 내용을 확인하였고, 해당 장비는 기계가공/시험장비 분류에 속합니다.",1,1,1,1,btp_support_history.main_product,"'고정장치'가 특정 기업의 핵심제품에 포함되며, 관련 장비 카테고리와도 적합하여 유지함.",기업 문구와 기계가공 장비 카테고리 내 장비 예시와 직접 일치.,"비슷한 명칭이 다른 맥락에서 사용될 가능성은 있으나, 현재 데이터에서는 적절함.","제품명, 장비카테고리, 기업데이터","기업 #2379#2379 | btp_support_history.main_product | 선박 파공방수패드, 원격 탈부착 사다리, 사다리 고정장치, 잔존유 배출장치, 화재 예방 제",청정환기 소재 및 부품 복합 시험설비#134 | 기계가공/시험장비 > 달리 분류되지 않는 기계가공/시험장비 > x @ 지사단지
교정,keep,,교정 관련 장비 검증,,물리적측정장비,길이/위치/자세측정장비,0.67,0.670,"btp_support_history.support_item에서 한 기업이 보행 교정과 관련된 기술을 보유하고 있으며, 무인비행장치 변위측정용 레이저 트래커 장비와 연계됩니다.",1,1,1,1,btp_support_history.support_item,키워드가 특정 측정장비와의 연관성이 명확하며 산업적 평가 기능과도 맞아 적절함.,기업 기술지원 내역과 물리적측정장비 카테고리의 장비 예시가 직접 관련됨.,동음이의어 가능성을 기계적 필터링으로 제거 후 활용할 필요 있음.,"기술지원, 장비매칭, 기업기술",기업 #1786#1786 | btp_support_history.support_item | 보행 시 발 아치 능동적 교정 및 신체 압력 중심 이동 궤적 개선을 통한 고령자 맞춤형 발바닥 근육 강화 인솔 개발,무인비행장치 변위측정용 레이저 트래커#168 | 물리적측정장비 > 길이/위치/자세측정장비 > 길이측정장비 @ 지사단지
국부,drop,,국부 관련 장비 검증,,기계가공/시험장비,재료물성시험장비,0.67,0.670,,1,1,1,1,btp_support_history.support_item,'국부'는 의미가 너무 광범위하고 불명확하여 관련 장비 검증에 유의미한 키워드로 보기 어려움.,"기업의 보조 설명에만 국부라는 단어가 있을 뿐, 장비명이나 명확한 연관도가 부족함.",키워드가 모호해 노이즈 및 오검출 위험 높음.,"모호성, 위험키워드, 불명확",기업 #1730#1730 | btp_support_history.support_item | 온실용 냉난방용 국부 공조제어시스템 R&D지원,온도챔버 일체형 피로인장시험기#299 | 기계가공/시험장비 > 재료물성시험장비 > 만능피로시험기 @ 미음단지
근육,revise,근골격시뮬레이션,근육 관련 장비 검증,근골격시뮬레이션 관련 장비 검증,데이터처리장비,장비소프트웨어,0.67,0.670,"한 기업의 지원 아이템에서 근육 강화 인솔 개발을 명시하며, 데이터처리장비 기반 근골격 시뮬레이션 소프트웨어 장비와 연관됩니다.",1,1,1,1,btp_support_history.support_item,"'근육'은 너무 일반적인 단어로 배제 위험이 있어, 관련 소프트웨어 기능을 반영한 '근골격시뮬레이션'으로 구체화함.",기업지원 문구와 데이터처리장비 소프트웨어 예시가 직접 연관됨.,단순 ‘근육’ 키워드는 과도한 일반성으로 부정확성 초래 가능.,"소프트웨어, 기업개발, 전문장비",기업 #1786#1786 | btp_support_history.support_item | 보행 시 발 아치 능동적 교정 및 신체 압력 중심 이동 궤적 개선을 통한 고령자 맞춤형 발바닥 근육 강화 인솔 개발,인체 근골격 시뮬레이션 측정시스템#438 | 데이터처리장비 > 장비소프트웨어 > 데이터처리장비기반소프트웨어 @ 녹산단지
금형,drop,,금형 관련 장비 검증,,물리적측정장비,길이/위치/자세측정장비,0.67,0.670,,1,1,1,1,btp_support_history.support_item,기업 예시에 제품 관련 표현은 있으나 금형 자체 장비 카테고리와 매칭이 부족하며 범위가 광범위함.,직접적인 장비 관련성보다 제품 설계 언급에 그쳐 불충분함.,키워드가 제품/공정명칭과 혼동되어 불필요한 매칭 생성 우려 있음.,"제품명, 범용키워드, 매칭불명확",기업 #616#616 | btp_support_history.support_item | 스테인리스강 이형형상 소재 제조를 위한 최적화 냉간가공 인발 금형 설계 및 시제품 제작,고정식 3차원측정기#152 | 물리적측정장비 > 길이/위치/자세측정장비 > 위치/자세측정장비 @ 지사단지
마그네틱,revise,마그네틱커플링,마그네틱 관련 장비 검증,마그네틱커플링 관련 장비 검증,기계가공/시험장비,성형/가공 장비,0.67,0.670,"한 기업의 btp_support_history.main_product에서 마그네틱 커플링 관련 내용을 확인하며, 해당 장비는 기계가공의 성형/가공 영역으로 분류됩니다.",1,1,1,1,btp_support_history.main_product,'마그네틱'은 지나치게 광범위해 핵심 제품명 ‘마그네틱커플링’으로 구체화하여 노이즈를 줄임.,기업 주요제품명과 장비 분류가 직접 연결되어 신뢰도 높음.,확장된 일반 키워드 사용 시 오탐 가능 있어 제한 필요.,"제품명, 장비분류, 기업데이터",기업 #1730#1730 | btp_support_history.main_product | 마그네틱 커플링,자동화 블라스팅장비(워터형)#90 | 기계가공/시험장비 > 성형/가공 장비 > 달리 분류되지 않는 성형/가공장비 @ 영도단지
발바닥,keep,,발바닥 관련 장비 검증,,물리적측정장비,힘/토오크/압력/진공측정장비,0.67,0.670,"기업 1곳이 발바닥 압력 중심 이동 개선 기술을 보유하며, 관련된 힘/압력 측정장비가 녹산단지에 설치되어 있습니다.",1,1,1,1,btp_support_history.support_item,구체적 생체 압력 측정과 관련된 기능으로 장비 매칭이 명확하여 유지함.,기업지원 내용과 압력측정 시험장비의 직접 연관성이 뚜렷함.,매칭 범위가 적절해 노이즈 발생 가능성 낮음.,"생체압력, 생체측정, 기업기술",기업 #1786#1786 | btp_support_history.support_item | 보행 시 발 아치 능동적 교정 및 신체 압력 중심 이동 궤적 개선을 통한 고령자 맞춤형 발바닥 근육 강화 인솔 개발,압력분포 트레드밀#436 | 물리적측정장비 > 힘/토오크/압력/진공측정장비 > 달리 분류되지 않는 힘/토오크/압력/진공 측정장비 @ 녹산단지
안전을,drop,,안전을 관련 장비 검증,,기계가공/시험장비,재료물성시험장비,0.67,0.670,,1,1,1,1,btp_support_history.support_item,'안전을'은 조사 포함의 불완전한 단어이며 광범위함으로 별도 장비 검증 키워드로 부적합함.,기업 문장 일부에 포함되어 있으나 독립적 장비 키워드로 성립 안됨.,불완전 단어 사용으로 불필요한 매칭 과다 우려 존재.,"불완전키워드, 노이즈위험, 광범위",기업 #1878#1878 | btp_support_history.support_item | 근로자 안전을 위한 시스템 서포트 붕괴 위험 진단 센싱 환경 설계 및 실증,고저온만능시험기#150 | 기계가공/시험장비 > 재료물성시험장비 > 진동내구시험장비 @ 지사단지
에너지,revise,에너지하베스팅,에너지 관련 장비 검증,에너지하베스팅 관련 장비 검증,광학/전자영상장비,현미경,0.67,0.670,"한 기업이 압전 에너지 하베스팅을 적용한 기능성 인솔을 개발했으며, 관련 전자현미경 장비가 미음단지에 배치되어 있습니다.",1,1,1,1,btp_support_history.support_item,너무 광범위한 '에너지'를 구체적 기술명 '에너지하베스팅'으로 좁혀 정확도 향상함.,기업 기술개발 내용과 광학장비가 간접적으로 연결됨.,일반 단어로 남을 경우 연관 없는 매칭 가능성 큼.,"기술명, 기업개발, 정밀장비",기업 #1786#1786 | btp_support_history.support_item | 압전 에너지 하베스팅을 적용한 에코 할룩스 매직 기능성 인솔 시제품 제작,고분해능 전계방출형 주사전자현미경 부대장비#358 | 광학/전자영상장비 > 현미경 > 주사전자현미경 @ 미음단지
영하,revise,영하 온도,영하 관련 장비 검증,영하 온도 환경 장비 검증,물리적측정장비,길이/위치/자세측정장비,0.67,0.670,영하 온도 관련 기업 1곳과 물리적측정장비 1종에서 '{sourceField}' 필드 내 '{keyword}'가 확인되어 관련 장비와 중복됩니다.,1,1,1,1,btp_support_history.support_item,광범위한 '영하' 키워드는 온도 범위를 명확히 하지 않아 노이즈 가능성이 있으므로 구체화가 필요함.,기업 문서와 장비 예시 내에서 영하 온도 키워드와 직접적으로 연관된 장비가 1종 확인됨.,"제한적인 사례나 용어 분포를 고려하면 단순 '영하'는 부적합하며, 보다 명확한 온도 기준이 필요함.","환경, 온도, 정밀측정",기업 #1730#1730 | btp_support_history.support_item | 영하 52℃ ARC7 ICE등급 및 IMO Polar Code를 만족하는 Mushroom Ventilator 사업화 지원,무인비행장치 변위측정용 레이저 트래커#168 | 물리적측정장비 > 길이/위치/자세측정장비 > 길이측정장비 @ 지사단지
운동,revise,운동 측정,운동 관련 장비 검증,운동 측정 장비 검증,임상의료장비,임상측정/진단장비,0.67,0.670,운동 측정 관련 지원 기업 1곳과 임상의료장비 1종에서 '{sourceField}' 필드로 확인된 '{keyword}' 키워드가 기술과 부합됩니다.,1,1,1,1,btp_support_history.support_item,'운동' 자체가 너무 광범위해 의료 현장 중심의 측정 관련 범주로 구체화함.,한 기업 사례와 임상의료장비 분석 데이터 모두 '운동' 관련 시제품과 장비 간 중첩이 직접 관찰됨.,"범용 단어인 '운동'은 교육, 스포츠 등으로도 해석돼 정확한 문맥 정의 없이는 부적합할 수 있음.","헬스케어, 측정, 스포츠",기업 #1786#1786 | btp_support_history.support_item | Dynamic Balance 데이터 및 할룩스 매직 인솔을 활용한 운동 APP 시제품 개발,근기능 증진 분석 시스템#154 | 임상의료장비 > 임상측정/진단장비 > 달리 분류되지 않는 임상측정/진단장비 @ 다대단지
유지보수,revise,장비 유지보수,유지보수 관련 장비 검증,장비 유지보수 관련 장비 검증,환경조성/생산/사육시설장비,환경조성형시설장비,0.67,0.670,장비 유지보수 관련 기업 1곳의 '{sourceField}' 내 표현과 환경조성 시설장비 1종에서 키워드가 포함되어 있습니다.,1,1,1,1,company.main_product,'유지보수'가 지나치게 범용적이므로 장비 관련 유지보수로 초점을 좁힘.,주요 기업 문서내 유지보수 표현과 해당 시설장비 간 유사 텍스트가 한 건씩 일치함.,일반 유지보수 범주로는 노이즈 가능성 크므로 장비 유지보수로 세분화 필요.,"관리, 설비, 서비스",기업 #1049#1049 | company.main_product | 관제장비 및 주변장치/소프트웨어개발 및 유지보수,일상생활 실증평가실#11 | 환경조성/생산/사육시설장비 > 환경조성형시설장비 > 사용환경모사시설장비 @ 다대단지
적용되는,drop,,적용되는 관련 장비 검증,,,,0.67,0.670,'적용되는' 키워드는 문맥이 불분명하고 단독으로는 장비 분류와 연결이 약해 의미 있는 중복 확인이 어렵습니다.,1,1,1,1,btp_support_history.support_item,"매우 광범위한 관용구성 키워드로, 단독 사용 시 대상 장비나 기능과 구체적 연결이 어렵습니다.",기업 및 장비 데이터 내 단일 키워드로서 명확한 기술적 일치성이 부족함.,광범위어로 인한 무의미한 매칭과 데이터 정합성 저하 위험 존재.,"불명확, 일반용어",기업 #2080#2080 | btp_support_history.support_item | 선박 HVAC에 적용되는 UV-C 살균장치,자외선 경화기#441 | 기계가공/시험장비 > 재료물성시험장비 > 자외선시험기 @ 지사단지
전문가,drop,,전문가 관련 장비 검증,,,,0.67,0.670,'전문가' 키워드는 단독으로 장비 또는 기능 검증에 직접 연결되지 않아 중복 기준에 부합하지 않습니다.,1,1,1,1,btp_support_history.support_item,일반 명사로 장비 관련 명확한 연관성이 없는 범용 키워드임.,지원 내역과 임상장비 사이 직접적인 키워드 매칭이 부족함.,중복 정확성 저하 및 오탐 가능성이 높음.,"범용어, 비장비",기업 #2379#2379 | btp_support_history.support_item | 식생 걸림 최소화 구조의 고출력 무인선박 개발을 위한 최적화 구조 및 적층 방안 전문가 자문,인지 정보분석 시스템#194 | 임상의료장비 > 임상측정/진단장비 > 달리 분류되지 않는 임상측정/진단장비 @ 다대단지
품질,revise,품질 개선,품질 관련 장비 검증,품질 개선 관련 장비 검증,전기/전자장비,측정시험장비,0.67,0.670,품질 개선 표현은 전기/전자 장비 관련 기업 1곳과 시험장비 1종에서 '{sourceField}' 내 발견되어 활용도가 확인됐습니다.,1,1,1,1,btp_support_history.support_item,'품질'만으로는 범위가 넓어 개선 등 구체 목적을 포함해 특정화하는 게 적절함.,기업 단속 문서와 장비 예시 모두 품질 관련 개선 활동을 명시적으로 담고 있음.,노이즈 방지를 위해 품질과 관련된 구체적 수식어 추가 권장.,"품질관리, 시험, 전자",기업 #2379#2379 | btp_support_history.support_item | WPP(파공방수패드) 품질 개선,센서복합테스트장비(부대장비)#352 | 전기/전자장비 > 측정시험장비 > 다기능임피던스측정시험장비 @ 수안단지
